Region,Scenario,Period,Q1,Q3,Median,Whisker_low,Whisker_high
1,HIST,P0,19824.463480400293,21598.79542570795,20811.66646382692,19051.946953966515,24173.653251426833
1,SSP1-2.6,P1,20982.308763265424,22609.52888978155,21411.75647079529,18552.270707100673,24917.086875590692
1,SSP1-2.6,P2,22330.287057088903,24025.583417970047,23014.486059379542,20036.77966132905,26137.14984290196
1,SSP1-2.6,P3,21909.32346193869,23479.96637182714,22786.624974583865,20017.143620374147,25748.71975319385
1,SSP1-2.6,P4,21309.639503114737,23053.337325174667,21956.784057544617,20514.217380530703,23926.851716458514
1,SSP2-4.5,P1,20566.54348276413,22871.807418165656,21131.191290745614,19268.69213049375,23803.505893792222
1,SSP2-4.5,P2,21649.290479185463,23400.389265637074,22658.12959948313,20672.746195230247,25920.081443472496
1,SSP2-4.5,P3,23275.76785780827,25070.7458198365,24238.39109041413,20756.38627433457,26899.07904586677
1,SSP2-4.5,P4,24029.034111832792,25954.9768224035,25112.91485424986,21589.425899985792,27848.244117937717
1,SSP3-7.0,P1,20792.005368756658,22521.640926524957,21354.447349006812,19125.19149071265,24796.665184003738
1,SSP3-7.0,P2,22674.078171711826,24150.520336195565,23233.22191369419,20875.987809352686,25888.243965648333
1,SSP3-7.0,P3,23811.468484062138,25231.74216364663,24557.664461446453,22621.176635895004,27177.225322127593
1,SSP3-7.0,P4,26573.13507434106,28785.94026802075,27853.05529760765,23940.382718362252,31103.98308414794
1,SSP5-8.5,P1,21093.00642193002,22992.4888323919,21510.56508938774,19670.23158905212,23846.7893432211
1,SSP5-8.5,P2,23851.805493485346,25254.799709790106,24256.330389892864,22214.758681109186,27325.166475268306
1,SSP5-8.5,P3,25496.959134641038,27635.6488379111,26502.93450098022,22812.44185210245,30578.578486251354
1,SSP5-8.5,P4,29270.65198633923,31720.30502968377,30093.769397924458,26598.78868073139,34044.00786135995
2,HIST,P0,19152.612401553662,20056.38018444191,19480.64414990288,18557.34200190439,20621.514596108736
2,SSP1-2.6,P1,19462.83836554925,19876.072503735602,19719.852454672535,19049.46472431145,20124.35859258913
2,SSP1-2.6,P2,19603.3222932248,21029.038917568047,20371.199479456358,18540.37943869295,22259.443295777706
2,SSP1-2.6,P3,19111.814715112316,20764.5249518037,20409.77069600737,17886.10431345898,22465.279971638236
2,SSP1-2.6,P4,19477.91238659647,20554.62039502764,19994.73222471643,17998.044388498845,21491.84866066881
2,SSP2-4.5,P1,18696.610950842307,19749.877090950304,19274.47606072633,18178.230715128586,20048.9148078984
2,SSP2-4.5,P2,19622.6716815598,20553.04704249422,20112.012576394285,18909.851908786404,21929.33330391511
2,SSP2-4.5,P3,19969.636419246384,22216.229687758423,21196.36438778868,18643.88572557074,23059.810736986157
2,SSP2-4.5,P4,20559.73563736817,22157.598006149274,21250.09871263479,19381.6415899527,24234.09223042739
2,SSP3-7.0,P1,19312.073933053718,20901.25986300541,19788.315167695684,18630.447776500652,21656.59167433963
2,SSP3-7.0,P2,19811.121900267146,21121.7634659859,20387.75596370017,18948.984172880355,22638.161025555077
2,SSP3-7.0,P3,21568.72490834612,22882.2795584094,22038.316694840047,20308.11207638505,23812.75847820539
2,SSP3-7.0,P4,22405.68588614961,25140.50795682294,23354.681383101015,20877.28462380813,28434.02577561367
2,SSP5-8.5,P1,19170.78956025766,20121.76755553521,19629.440851066844,18782.353684843496,20865.546883076346
2,SSP5-8.5,P2,20131.252778352307,21697.871567500428,21262.64985339974,19698.602221437894,22912.918997414272
2,SSP5-8.5,P3,21784.182216289213,24026.93471386575,22807.24129575435,20314.593099025777,26467.84897627093
2,SSP5-8.5,P4,25465.978075326133,28360.051494362124,27508.896415084913,23360.447812284296,30623.321770277467
3,HIST,P0,34886.02531001322,36583.08220193219,35549.79926387132,34249.137606444994,38969.63830727406
3,SSP1-2.6,P1,35292.089032837364,36996.43291706898,36303.5164509266,33791.04070700397,37924.68394142368
3,SSP1-2.6,P2,35491.503714230974,36572.86316192692,36115.68801147203,33872.668130628816,37963.765828536736
3,SSP1-2.6,P3,34091.521265819916,36700.46189405202,35439.11428329692,33077.709429265495,38830.685752543424
3,SSP1-2.6,P4,34046.695293180164,35860.62839239091,35359.537023330035,32265.732553281046,37378.71321026151
3,SSP2-4.5,P1,34919.52622962229,36604.407491316306,35980.09689300034,32753.041892254427,38186.64700688043
3,SSP2-4.5,P2,34514.381392914605,36449.862721121346,35767.576778504386,33109.16165036662,37502.758650420554
3,SSP2-4.5,P3,34690.10473764561,35366.479621575694,35105.77065215976,33815.56278838659,36273.104717956245
3,SSP2-4.5,P4,34221.234765406414,35972.3449465553,34954.48953741374,32490.9417133604,37760.47507410805
3,SSP3-7.0,P1,35008.62500076186,36128.71025632412,35565.806720196575,34380.27527503161,36827.747335303065
3,SSP3-7.0,P2,34727.79483297676,36612.548097877625,35875.52190085844,32094.10218488916,37818.30721113736
3,SSP3-7.0,P3,34992.84206666195,36795.938169419336,35573.27610779958,33453.16584071831,39342.34910279061
3,SSP3-7.0,P4,33539.839521740876,36056.48182364033,34976.46339551633,32051.604477211302,37563.69522219108
3,SSP5-8.5,P1,35508.56590584094,36597.278831219206,36077.09963802775,34014.718597380845,37901.23043313847
3,SSP5-8.5,P2,34866.71296410446,36146.20470633318,35662.77593578724,34539.30180318971,37818.738178246225
3,SSP5-8.5,P3,33678.42623361546,35655.62812885689,34644.42347605879,32587.465764292727,37695.738507701964
3,SSP5-8.5,P4,33228.26385929883,34947.69036764324,34075.96029189286,31947.875685766034,36953.03549965928
4,HIST,P0,18428.150328788677,21016.056183094974,19043.49910925347,17328.63854362465,23734.140344127463
4,SSP1-2.6,P1,20109.569406861618,23522.68795871299,21210.244340499143,18606.420016565222,25964.009239005256
4,SSP1-2.6,P2,20227.533452720898,23450.246370993827,21369.559497380847,19083.681074155105,27489.151211941826
4,SSP1-2.6,P3,21151.56544319342,22686.647627079317,22203.34786261352,19065.174449511574,24533.59360205738
4,SSP1-2.6,P4,19811.584149932736,23297.139117443825,21038.03465404967,17914.414425707255,25347.75732174628
4,SSP2-4.5,P1,21470.90864689639,23469.395118201173,22303.714461488144,18477.138706623868,23825.682292583097
4,SSP2-4.5,P2,21321.82287751721,24257.537206481713,22137.776192920766,18754.548017646295,28178.431284304075
4,SSP2-4.5,P3,22216.676369154873,24042.99909882797,23497.543355741862,20931.073010977096,26068.61952010102
4,SSP2-4.5,P4,22883.381955728,25817.828132560746,24001.75621634163,20299.054155346115,27423.46540896241
4,SSP3-7.0,P1,20165.609462214736,22317.517082912567,21556.765016980717,18736.003405082,24960.184550578426
4,SSP3-7.0,P2,21219.35107463276,23721.477900305745,22823.234826356107,18889.49627173967,25864.653443247138
4,SSP3-7.0,P3,23605.14613491879,26348.168839010683,25339.785627913494,21994.514729157087,28977.132955738358
4,SSP3-7.0,P4,24242.405945952378,27370.105692264042,25606.13865669072,22290.700819520098,29949.260734943564
4,SSP5-8.5,P1,20551.465381115337,22214.87169647796,21529.17201451673,19399.895037786202,24571.315489947327
4,SSP5-8.5,P2,23336.21118459054,25469.81393007384,24437.643124822076,22060.46970562174,27041.107337136575
4,SSP5-8.5,P3,24499.259112837433,25882.6993269087,25591.01345204322,22798.727215383056,27514.036011353557
4,SSP5-8.5,P4,24990.5430961055,30429.899336378192,26708.28221384588,23344.084854919893,34308.446410939316
5,HIST,P0,11270.29892996774,13064.511536657796,11665.346984731945,10552.955673493916,15103.996588426457
5,SSP1-2.6,P1,11731.269251261398,12884.531765746378,12245.951146566451,11185.078385163042,14225.647001092599
5,SSP1-2.6,P2,12116.89152766047,13216.320673395145,12581.510779170138,11162.844873312733,14281.538746363723
5,SSP1-2.6,P3,12178.413851467465,13207.512730183793,12528.280539720668,11427.82660674298,13896.091555843264
5,SSP1-2.6,P4,11296.351959548132,13333.057433602226,11923.875541096579,10817.445822463162,14924.902446216835
5,SSP2-4.5,P1,12576.91810572923,13791.14374650534,13223.533185287732,11668.957842123938,15086.857173886016
5,SSP2-4.5,P2,12041.187991490351,13722.438379225065,12417.00146501229,10768.545821892436,15071.144338043698
5,SSP2-4.5,P3,12778.850491952577,14005.49056316216,13401.542614994567,11591.548277131236,14847.693225887888
5,SSP2-4.5,P4,12592.447214052867,14222.728932321372,13194.625607011367,10797.884891696867,15392.144216706503
5,SSP3-7.0,P1,12557.02291397513,14144.626764683337,13444.043768288948,10984.21669297815,15002.800213999642
5,SSP3-7.0,P2,12978.615036771316,15364.364576425029,14265.361575411325,12184.404062257263,16444.624811634138
5,SSP3-7.0,P3,14656.692594690669,16605.767245114068,15757.939488351458,12654.353267430979,18194.69165054189
5,SSP3-7.0,P4,16097.865855886354,17723.619071263907,16776.554060336508,15267.188099135512,18928.879404356056
5,SSP5-8.5,P1,11744.420792424007,13140.446266351422,12612.932092326224,10589.109169341942,14552.381712883962
5,SSP5-8.5,P2,13621.617239357229,14939.81250174921,14225.271472928818,12284.06833020459,16106.642121501747
5,SSP5-8.5,P3,14238.50472474128,16555.966146361603,15524.680571498682,11974.723671098185,18686.38734815538
5,SSP5-8.5,P4,17511.36467259265,20450.940202836966,19308.03724410692,15279.75739779481,24467.34110265925
6,HIST,P0,42928.16748212795,44736.46793003796,44125.26192782177,42321.03080649373,46414.35396073085
6,SSP1-2.6,P1,44033.65521138203,45581.517874032805,45178.35399281786,43528.701856373766,47351.223037573785
6,SSP1-2.6,P2,43503.87997183204,45519.44541822559,44795.21863473853,42526.000288446965,47154.789691000915
6,SSP1-2.6,P3,44415.62191186131,45949.54468154915,44953.29069172754,43364.756738823926,47682.353353718034
6,SSP1-2.6,P4,44057.05191736824,46851.42759924918,46406.38318837132,43311.57348338105,48174.00914305366
6,SSP2-4.5,P1,44377.93768681635,46449.53181483349,45084.27843994114,42780.04395494336,47607.782719873016
6,SSP2-4.5,P2,45490.759195149134,46830.18165446846,46245.632769041185,43559.650886816285,47619.279838157076
6,SSP2-4.5,P3,45206.897064044206,47883.67534004744,46144.22240061718,42938.54434461368,51660.8014473187
6,SSP2-4.5,P4,45464.93223186707,48193.58636705029,47329.198276505296,44802.12156973611,49647.232432808785
6,SSP3-7.0,P1,44434.18829416675,45922.68515882658,44966.51867813115,42765.22051671664,47856.27902753776
6,SSP3-7.0,P2,45814.56183436924,48231.37393986559,47251.67647537332,44284.03292139637,49653.43253105689
6,SSP3-7.0,P3,46954.52737375414,49855.608494335094,48401.48716724756,45292.44091589375,53071.31457241923
6,SSP3-7.0,P4,48663.27125789791,51333.04579085829,49664.39276933501,47286.95625033154,55112.93876423219
6,SSP5-8.5,P1,43139.7616656215,45860.31839409373,44926.2900345326,40829.68490320749,47678.67292434272
6,SSP5-8.5,P2,46026.60709626685,48701.34654216503,48260.913273724036,43644.047247671115,51947.50655152282
6,SSP5-8.5,P3,46994.128328699684,49675.995271223976,48373.050469169335,45720.046239025454,51779.39174666238
6,SSP5-8.5,P4,50029.903212516496,52771.323740464686,51534.59949682605,48588.99226570558,55469.17098794879
7,HIST,P0,48031.42186219443,50996.273432612186,49118.002872151395,46458.70288080252,54433.52938697634
7,SSP1-2.6,P1,46886.98599455471,49787.54204923527,48468.38102278686,44359.30735226803,51762.81990117223
7,SSP1-2.6,P2,45966.39527620454,48444.24218496839,46936.05472998897,43685.98287750934,51242.71579841385
7,SSP1-2.6,P3,45803.47967419856,48607.45503811977,47388.87228327633,43831.54772790588,50325.278784601265
7,SSP1-2.6,P4,45056.14869221908,47240.354940314486,46045.69830180651,41888.585833353434,49066.10007979262
7,SSP2-4.5,P1,49483.06140500031,51484.4975412161,50862.446842604375,47934.79090667082,53919.30875453873
7,SSP2-4.5,P2,48335.198917100584,53345.874141517765,51687.84043986522,45256.76916310667,56622.26206470217
7,SSP2-4.5,P3,49631.587170424886,51758.05728194262,50945.121117058545,46812.27460367575,53793.61547054378
7,SSP2-4.5,P4,49628.38035370612,51174.24259763449,50091.45826378222,47749.60844184997,52946.864377255515
7,SSP3-7.0,P1,49316.33062961515,51787.09767283497,49911.50516883338,47543.44409635331,54838.23532515091
7,SSP3-7.0,P2,51940.96000233196,54129.01272871745,52963.89591162359,49036.05745130882,55101.25203006181
7,SSP3-7.0,P3,52477.87494235689,55281.05061104521,53879.092187474744,49161.216790845785,55892.199915683035
7,SSP3-7.0,P4,55379.807759676434,57716.09350937812,56782.36157194612,52969.73944116599,60053.11764946079
7,SSP5-8.5,P1,48144.09802215,52852.98518170505,50032.709403522895,45443.1449621147,54992.23593015263
7,SSP5-8.5,P2,50964.22688782819,52881.40941856717,51721.311291398786,49474.54314531709,54438.679706291456
7,SSP5-8.5,P3,52546.8953993539,55577.82295594881,54340.5010846772,49444.84805749108,59362.81915384098
7,SSP5-8.5,P4,56856.44462206901,61177.48311538421,58890.66810234332,53454.81757131538,63845.80217061513
8,HIST,P0,27963.181362807692,30121.257545781828,29245.338984735172,27082.637377488652,31652.289181699718
8,SSP1-2.6,P1,28228.27903254256,31280.15666279191,30164.8659979087,26415.482254665912,32952.73875522764
8,SSP1-2.6,P2,28362.264165140263,30104.63134784536,29440.52610266187,26944.028019152734,31911.002536140957
8,SSP1-2.6,P3,28414.074375357297,31429.219805486333,29427.152300887705,26896.40007420351,33298.00208879644
8,SSP1-2.6,P4,27431.855389078053,29120.285771180803,28644.595126982807,24965.178151923777,30487.174486376254
8,SSP2-4.5,P1,29421.200526296587,31277.54073301256,30467.540291524612,28273.130519163424,33614.36602117229
8,SSP2-4.5,P2,29979.956884338433,32092.755991580427,30573.89190763863,28038.95649380092,33438.569516556665
8,SSP2-4.5,P3,29676.934757753246,32505.47107153824,30584.91078744015,28480.090855953385,35882.70637381213
8,SSP2-4.5,P4,30002.85668495344,31967.64146587929,31178.383678610502,28705.232592928038,34610.0538055884
8,SSP3-7.0,P1,29028.33406593249,31823.402528748753,30176.30320710404,26221.057247825567,34519.12417993686
8,SSP3-7.0,P2,31129.174976322156,33357.34022769084,32850.372191280214,29285.12674035808,34329.33287095934
8,SSP3-7.0,P3,32939.5208382541,35567.03972534316,34469.23270708229,29935.054614097113,38500.394676755735
8,SSP3-7.0,P4,33890.79662227986,36598.02972173188,34697.735776114016,32238.03072942554,39004.584983555906
8,SSP5-8.5,P1,28899.23304954842,31639.938759490295,29560.356219999245,26403.92537690988,35168.26407290014
8,SSP5-8.5,P2,31107.03510310149,33653.339051549294,32259.422564083514,28422.226299500355,35859.603456271856
8,SSP5-8.5,P3,32798.46411370404,35272.61266200556,34521.05994278731,31025.472192538386,37045.04264974373
8,SSP5-8.5,P4,34908.05930773654,37445.467583070684,36396.5175844834,31932.96021029138,40827.00102740406
9,HIST,P0,21955.698738452113,23099.74451293679,22239.0236711729,21456.384719291833,24690.276335553615
9,SSP1-2.6,P1,21814.117682451415,23138.78574502066,22899.405349313398,20894.488170341094,24223.765609257935
9,SSP1-2.6,P2,22073.24737555363,23978.65965960035,22679.009667259106,21216.953175673698,25446.4099350233
9,SSP1-2.6,P3,22560.559392966126,23601.143684359875,23087.210730995095,21976.27616834868,25096.971798157436
9,SSP1-2.6,P4,22268.287334560824,23782.98264449135,23144.69052084216,20893.296070971795,25107.330392157503
9,SSP2-4.5,P1,23210.31699769104,24872.943297539186,23459.724648900745,21923.19531266166,25949.278314404903
9,SSP2-4.5,P2,23248.278346033057,25303.37721088017,24314.28173991069,21638.751543256567,26548.51814596945
9,SSP2-4.5,P3,23831.943793122107,25665.4920858415,24756.195395840667,22379.405130343934,26812.04733368175
9,SSP2-4.5,P4,24454.6192536629,25693.408789603338,24870.591338092727,23406.076631485237,27366.786459363408
9,SSP3-7.0,P1,22683.88105659117,25251.514418900413,23224.31431880509,21894.805239823487,26275.734360828217
9,SSP3-7.0,P2,24691.19844266971,26389.92978373458,25695.386551598807,22887.316182500632,28373.020456443366
9,SSP3-7.0,P3,25938.205206827493,27597.515988792686,26592.62314220986,25085.328798979175,29200.381609553842
9,SSP3-7.0,P4,28672.06043079055,29986.934572175145,29258.686352602912,26911.963112602934,31566.958954583333
9,SSP5-8.5,P1,23003.56360385497,24864.556819026042,23557.737549688245,21722.634991497653,26588.124644824224
9,SSP5-8.5,P2,24495.476432278694,26490.902853848314,25550.55785546421,23622.117115749417,28719.719254739153
9,SSP5-8.5,P3,26412.972792962075,28499.934562808317,27639.85808897635,24944.951193111658,30565.654916420375
9,SSP5-8.5,P4,29193.722414431868,30170.169545673183,29774.847085153422,28023.248843501744,31496.946677210562
10,HIST,P0,48892.219624965255,53094.78420531466,50650.882081976924,47022.25767683733,55017.251646755976
10,SSP1-2.6,P1,52533.52144191746,58150.76916853998,55628.79059754127,48213.30878127765,64847.40775750716
10,SSP1-2.6,P2,58070.31893040515,61673.35976381639,60267.315160627506,54201.32620855054,66407.55443088514
10,SSP1-2.6,P3,57502.87726449894,62950.16615712544,60324.07013732786,51469.54108597095,65892.760122674
10,SSP1-2.6,P4,57871.863375605055,61766.06319143594,59952.26174747378,53734.780140144976,66106.15704379664
10,SSP2-4.5,P1,54462.90942795751,60092.57308487295,56997.23729070623,49149.684658765735,65930.59461796755
10,SSP2-4.5,P2,61424.703113287556,66182.94209185138,62510.791843425555,56081.27610616233,72967.89853610402
10,SSP2-4.5,P3,64726.927790413676,69952.19562230787,66559.40009177964,59032.422762272654,71582.62204837488
10,SSP2-4.5,P4,68885.426485453,73964.69772029475,71447.55937092571,62308.349319331974,80960.45513473067
10,SSP3-7.0,P1,53626.05259840604,60898.372153972814,56241.455103507025,49093.80720057532,69488.06037447338
10,SSP3-7.0,P2,61754.35952346839,69469.99293069608,65583.45807307673,56840.837728257306,73029.92613021552
10,SSP3-7.0,P3,71040.13734818013,78025.84789457315,74790.78812920989,67609.08899000303,79641.88613206614
10,SSP3-7.0,P4,83002.22029194613,92263.1538671308,88345.92472430556,75150.41383422782,104312.73062414996
10,SSP5-8.5,P1,55952.26883852074,63294.21514743187,60863.8282767761,52693.490673833,72271.93500763303
10,SSP5-8.5,P2,68954.82797502531,74922.65893131023,69908.22389074482,63271.06467670703,79987.72396536202
10,SSP5-8.5,P3,78969.15316240785,90297.4106410373,84898.09427568023,74409.68270037476,101080.9273089029
10,SSP5-8.5,P4,98466.64339537076,105252.98247910972,103396.2516340813,95001.58309917852,111291.01943851593
11,HIST,P0,70115.29426202929,74618.04438736988,72017.14032712387,68248.97574241424,78680.18054349444
11,SSP1-2.6,P1,75881.5206989647,77918.05389031832,76979.82414262948,73068.6671359863,80604.71076640568
11,SSP1-2.6,P2,75710.39476978901,79206.72530371211,77918.07786944689,72605.41478879517,83655.37720645238
11,SSP1-2.6,P3,77152.8064804631,79308.50588433657,78582.10172316886,74322.89530399174,81040.29694732442
11,SSP1-2.6,P4,75615.20590700622,79658.57336656864,77358.20639404953,72573.13959573228,83308.12239758341
11,SSP2-4.5,P1,75988.83834872859,80923.22921199366,78555.71262903778,68993.88849166459,83747.16894554946
11,SSP2-4.5,P2,78501.4951931726,81282.68293480886,79923.01935744687,76940.48842045739,84543.58012039919
11,SSP2-4.5,P3,78329.33304781292,82098.24814418181,79672.6614495075,74903.72089639748,85261.74993725783
11,SSP2-4.5,P4,82103.35414099785,84943.83215875526,83961.94634895558,79411.42768342383,87686.41600937751
11,SSP3-7.0,P1,76767.52478502507,80013.82992369379,77686.27021682955,72031.11296621445,83359.49912141787
11,SSP3-7.0,P2,77448.94366821632,82129.83386754218,79772.87733578816,74659.47345624419,85239.65819405657
11,SSP3-7.0,P3,81655.77529716823,85215.51902180904,83192.93817835434,79509.66059666483,88874.34720834396
11,SSP3-7.0,P4,85703.18123063855,88345.7246603216,86897.09805644327,81984.2098340671,91342.28821509308
11,SSP5-8.5,P1,77366.02433008449,80269.2790152685,79325.8767744881,74259.62496471318,83967.86514297793
11,SSP5-8.5,P2,80209.26186082608,84391.61801124473,82402.66831777866,78820.86150877034,86435.68122769064
11,SSP5-8.5,P3,85093.4449152763,87978.82552904317,86844.25053693894,83098.82573076227,90666.52384413122
11,SSP5-8.5,P4,89737.80340785516,93242.27951677897,92336.09944650762,86153.12121576488,96906.67387894115
12,HIST,P0,41561.77121052058,43919.68241071112,42821.76181091576,39404.613446197414,46532.37205846407
12,SSP1-2.6,P1,46774.44243960928,50390.87951731332,48501.94889598366,43477.9166378027,55229.46569274498
12,SSP1-2.6,P2,51649.25542670203,54496.77704230309,53230.70455128558,48291.13542319863,57721.977735957975
12,SSP1-2.6,P3,51351.72497021162,54673.70622309991,53056.824434370494,49487.3576074744,57625.91294586028
12,SSP1-2.6,P4,52220.865853865966,55669.57939746208,54472.979867245915,48205.13440084149,58672.4140956019
12,SSP2-4.5,P1,47330.842101476796,51435.20218394856,49503.42298209635,42795.11165517761,53922.55934120096
12,SSP2-4.5,P2,52625.55803916387,55932.205394989534,53721.79660632744,48983.025592589765,60724.88111445238
12,SSP2-4.5,P3,54843.06509670699,57779.90178663359,56727.47503878612,52737.247960375455,61075.52301579875
12,SSP2-4.5,P4,62532.10300214681,65519.217089578364,63902.732626952886,59863.498518779175,69670.44204204269
12,SSP3-7.0,P1,46745.16174096914,50831.788756796814,49437.79088558968,42061.79081605632,56072.27972667875
12,SSP3-7.0,P2,53064.25926138189,57629.946406732015,55299.78328349302,47770.61468937733,64039.767382212776
12,SSP3-7.0,P3,60243.88133900902,64353.63792687441,62640.51809024514,55579.94302540284,67287.30694916204
12,SSP3-7.0,P4,66039.74671009916,74192.19882341463,70432.46535205324,59434.732927311394,79604.1530349404
12,SSP5-8.5,P1,48921.5727153308,55113.53873723234,53006.92995208125,46624.90752271772,57310.30297895415
12,SSP5-8.5,P2,56075.12217202127,61472.37461161435,59894.8590592687,51873.75944256847,65732.4251213819
12,SSP5-8.5,P3,64701.11738313145,73493.3158003983,66218.2539652105,59937.323098110486,79331.787058283
12,SSP5-8.5,P4,75609.20228565506,82941.57427471696,78862.68922394715,70652.13272830604,86022.45350925784
13,HIST,P0,38137.10419635793,39380.81837228327,38868.685082688135,37849.91998137235,40543.462177597045
13,SSP1-2.6,P1,41162.867284400345,43759.53014183762,42646.49011049682,37732.03744226616,45448.94542389297
13,SSP1-2.6,P2,42906.14367183028,44828.71468001745,44388.495775171185,42259.0536111027,47296.89028955884
13,SSP1-2.6,P3,44818.27619446904,45663.401472808386,45173.39731486187,44322.43399905739,46647.06302672342
13,SSP1-2.6,P4,43443.44195615393,45096.929107975986,44529.7951129292,42096.26029497106,45963.89100750808
13,SSP2-4.5,P1,42181.85322981057,44223.70584168455,43524.92275860757,40158.16220067704,45823.283427589806
13,SSP2-4.5,P2,45438.56046340405,46531.89760260916,45733.86601618164,44296.91282969121,47690.71725266387
13,SSP2-4.5,P3,47206.219095383814,49080.97022914782,48316.04830302518,45537.30677842535,51448.27859717584
13,SSP2-4.5,P4,49580.21941881604,51586.22936927433,50927.89766340252,47356.08344743082,53605.15400844804
13,SSP3-7.0,P1,40900.00688274569,44048.64051788316,43040.352787602824,39508.532724625504,45374.50334344304
13,SSP3-7.0,P2,45789.154871343155,48192.790351785945,46595.490183478585,42776.17359321432,51428.036208673075
13,SSP3-7.0,P3,49836.54065979729,52927.73606928183,51866.85905295533,47936.73124984219,54943.13962571176
13,SSP3-7.0,P4,54383.01707626934,58311.86664035867,56609.325025473445,52245.23829065456,60553.220577244734
13,SSP5-8.5,P1,41933.112296060826,44458.95360009949,42761.51873589332,39205.24117164166,48193.89931946466
13,SSP5-8.5,P2,46992.772253764895,49942.64326511836,48257.83359616426,45251.88966538124,51586.967888016734
13,SSP5-8.5,P3,53718.45212096663,54995.240925384234,54319.59610371009,52272.5349896383,56234.13213483597
13,SSP5-8.5,P4,58323.316720283576,61034.329133399166,60211.23460956417,54707.27593209408,63608.33726771132
14,HIST,P0,53751.32636152483,59857.42625377283,57323.828973383046,52599.95501481503,64348.51064290974
14,SSP1-2.6,P1,60062.377096446515,65965.82016820168,63127.64435478012,55632.76634542258,67935.98346712619
14,SSP1-2.6,P2,62163.35767883556,67387.70658036077,65156.62171377461,55165.95565094039,74378.2833038923
14,SSP1-2.6,P3,62052.87724260292,67348.8542002814,64808.32986799565,55907.18398874282,68382.74738593514
14,SSP1-2.6,P4,61662.79880113696,65721.34907151992,64835.883646261704,56426.525241118994,70927.88590946046
14,SSP2-4.5,P1,61898.54672368066,67061.68185264192,63664.045250822615,55916.57028958148,70140.07513480134
14,SSP2-4.5,P2,66611.72566796964,68709.47276345955,67887.60394592155,63916.297290644194,70070.26318459446
14,SSP2-4.5,P3,66610.52725679288,72215.38786818445,68674.38295369738,61520.82810132118,75347.02249929318
14,SSP2-4.5,P4,70441.28457592959,74606.22832753696,72791.838280188,65196.35278754663,76944.00739532808
14,SSP3-7.0,P1,60659.7580659436,64782.34117840305,62463.64937952695,57333.20783802352,70018.56843626534
14,SSP3-7.0,P2,65893.707150472,71051.46118499625,68299.09496404047,62923.19406629009,74651.85683214823
14,SSP3-7.0,P3,68315.2423269315,74066.22110014601,70140.81696110095,62793.80673999364,79734.85335876526
14,SSP3-7.0,P4,72392.18513848775,77503.47388523535,75597.75895795895,68292.79830018179,82064.33188451637
14,SSP5-8.5,P1,62080.49164162834,68170.2917315426,65340.83033058064,60293.40644727201,75901.7950424407
14,SSP5-8.5,P2,68081.71772000329,74638.49785695445,71487.30224834054,60847.63288909089,82270.02452837539
14,SSP5-8.5,P3,71805.62475777457,77582.88257314796,74566.7313800797,65197.32693886549,83829.10498398989
14,SSP5-8.5,P4,79119.04711070834,88101.6938881025,82842.89471212242,74072.99996603742,95691.31710862223
15,HIST,P0,8670.329208977662,9799.94244412742,9392.033767673882,8053.993897232075,10297.822455828857
15,SSP1-2.6,P1,9534.427888799524,10735.437966700321,10254.626635136072,8392.929196548008,11908.00106269007
15,SSP1-2.6,P2,9856.502659002552,11327.24855784111,10800.925387373261,9237.23618785475,12299.223048637179
15,SSP1-2.6,P3,9725.374889097968,11434.546732389317,10802.199933962092,7991.814682630053,12616.343736366138
15,SSP1-2.6,P4,10015.217974222476,11252.432045858654,10639.380892372297,9012.048961199009,12798.806754368594
15,SSP2-4.5,P1,10057.066900190779,11168.744162528428,10646.115235363875,8579.092364782886,12142.384672881344
15,SSP2-4.5,P2,10829.800463233376,11956.119909524987,11470.25106603932,9273.955562403617,12794.984677309238
15,SSP2-4.5,P3,10989.052692280946,12037.033685213155,11546.18722144185,10332.89312250465,12801.273821271749
15,SSP2-4.5,P4,11422.015076800899,12705.754871835758,12038.982490427557,10309.510030163481,13967.752723565714
15,SSP3-7.0,P1,9599.538628927932,10491.799662457384,10017.296876605931,8721.294862235043,11319.012257756287
15,SSP3-7.0,P2,10553.531446092882,11935.050286486234,11520.254440253886,10000.280559208322,13245.108933985073
15,SSP3-7.0,P3,12236.708083240701,12990.38523931018,12511.785015445163,11420.530188273675,13836.356659996503
15,SSP3-7.0,P4,13327.518922830877,14665.560502049848,13856.421915483268,11695.039347097882,16527.989565258416
15,SSP5-8.5,P1,9768.823898740457,11091.917048844345,10483.17124786534,7962.30404121393,12881.430208835453
15,SSP5-8.5,P2,11082.863039841235,12839.738357722394,12191.28993249704,10629.256730357223,14300.656580137402
15,SSP5-8.5,P3,12343.282541260302,13934.933586714651,13392.917030471846,11783.513163836837,15184.25985664651
15,SSP5-8.5,P4,14296.444074193147,15258.332745762329,14782.262553859207,13283.465040482575,15988.340618078917
16,HIST,P0,9897.353587168242,11507.445502838036,10524.305990621793,8155.766058593139,12646.636856302834
16,SSP1-2.6,P1,10613.294500103768,12569.279858315305,11785.904966710179,8973.053996000188,14967.497945024603
16,SSP1-2.6,P2,11895.827857192893,15263.948759044106,12716.626576313985,9253.026711631686,16148.513221233074
16,SSP1-2.6,P3,11976.18977150177,14111.58580911575,12989.113289507783,11461.410217869474,15667.105053883124
16,SSP1-2.6,P4,12223.320002448945,13851.587909229971,13430.897760288695,11087.169302027853,15639.20761945996
16,SSP2-4.5,P1,11372.80167052791,12862.941309526366,12244.789338819037,10323.240102142874,14995.898865437648
16,SSP2-4.5,P2,12006.897110696365,14679.987486068754,13261.155806379466,9351.060106763667,18588.499695378865
16,SSP2-4.5,P3,13912.36001870963,15478.644215955135,14529.488421616501,12251.235535325653,17374.21203183163
16,SSP2-4.5,P4,14911.851855795932,17959.54866195383,16478.62814710843,12776.367027104427,19220.036923118547
16,SSP3-7.0,P1,10890.231354751311,12862.97655360162,11645.069762854084,9607.820681905041,15533.31684024513
16,SSP3-7.0,P2,12884.593424662544,15383.320879577459,14473.383379565536,10736.404563059086,18415.31284376914
16,SSP3-7.0,P3,14629.233106441392,17866.188730597212,15705.69320866739,12453.239562948129,21026.096859749458
16,SSP3-7.0,P4,17456.321864052516,20209.009753739716,19206.61739830803,13697.261301481256,23650.243613976352
16,SSP5-8.5,P1,11198.736651869913,14152.240415684148,12342.711668399828,9408.560455942805,16177.805823346176
16,SSP5-8.5,P2,14821.333123963994,16385.956021749047,15681.794721024988,13051.818503436738,18569.05897252552
16,SSP5-8.5,P3,17516.522915162077,20977.23529148025,18291.20676546963,14622.957990770303,23496.47742449909
16,SSP5-8.5,P4,20419.2430963465,24372.828182687645,22096.969655092715,18576.033251619352,28193.889481565075
17,HIST,P0,33117.26428045531,40140.477423799275,34875.260551412095,30817.173186239466,44378.77504733653
17,SSP1-2.6,P1,36737.893648902755,41852.829394790795,38853.49198581856,30910.360662993487,45709.41359005922
17,SSP1-2.6,P2,40074.29692497025,43522.42877046889,42200.63666121475,38167.259269982795,47596.92271332086
17,SSP1-2.6,P3,39243.24005830717,42626.75025518576,40959.096763397174,34269.17179431825,45633.85268094014
17,SSP1-2.6,P4,40054.59641469628,42079.93754458868,41307.09835100839,37537.06465780044,43346.56429782874
17,SSP2-4.5,P1,37494.50494179956,41544.638943972575,39739.824292547186,34106.00741821474,46219.6730243737
17,SSP2-4.5,P2,40544.88293843645,45863.29099014305,43114.01474843036,37128.72957979393,50046.18459348348
17,SSP2-4.5,P3,44110.54043543442,47298.743908201635,45831.65065366651,39915.23365309193,51866.325896517534
17,SSP2-4.5,P4,45268.52514328863,50579.75989773752,48153.02971629719,43623.0558635882,54610.82726314021
17,SSP3-7.0,P1,38906.00432843432,41509.18446208247,40181.045612859176,37027.98075469774,44743.35019224684
17,SSP3-7.0,P2,40560.11561480291,44617.42120630354,42328.74014833511,39159.5944941242,50302.73909645606
17,SSP3-7.0,P3,46248.93653228532,49017.779809070766,47490.16306726908,42220.921997951446,51446.22490851949
17,SSP3-7.0,P4,47905.75298692229,52925.473617257565,50929.605806076535,45753.969456009065,55582.61853037403
17,SSP5-8.5,P1,38784.213242027596,42991.76396819584,40432.367839191545,35323.42147464531,45263.22713485626
17,SSP5-8.5,P2,45012.01911121313,50455.59526682834,46970.64057050321,41095.07565972486,55620.35792586509
17,SSP5-8.5,P3,50795.619698782524,54748.77028374775,52821.34603136778,45441.53298545892,57954.186155675074
17,SSP5-8.5,P4,54564.91162838419,58914.65002938114,56731.180415969364,49069.9949415804,62988.27778477503
18,HIST,P0,28022.035676334555,30496.946646302415,28775.164927338978,25882.381344539346,33138.644719729506
18,SSP1-2.6,P1,30719.6051765057,32493.690469252168,31442.798040807495,28783.405033477786,34691.10730645996
18,SSP1-2.6,P2,30324.185414371033,33381.122035785935,31921.62915259274,28732.898062613032,35430.152965649206
18,SSP1-2.6,P3,28666.322081296526,31793.923302219617,30252.325233921354,25930.308055199934,33401.38316804347
18,SSP1-2.6,P4,30938.333190842834,32134.14937593679,31534.17077775194,29466.751387523876,33587.29664795392
18,SSP2-4.5,P1,29483.043773591577,33059.841407017026,30520.767859119842,27515.933121462556,34977.58744731687
18,SSP2-4.5,P2,30725.048219318815,33004.16978041459,31632.014966017363,28630.306337448357,35397.12284796269
18,SSP2-4.5,P3,32039.19198499342,34437.22150346463,33630.04450070394,29186.99648795272,36084.43645340417
18,SSP2-4.5,P4,31654.88251604566,34222.13237495717,32368.340031950283,29879.415922870583,37773.85737396245
18,SSP3-7.0,P1,29497.58939410407,31907.903990436687,30640.220806315374,27240.461535951308,32709.984071355575
18,SSP3-7.0,P2,30929.89153218623,33287.94490961411,32158.547090764787,29530.720519430084,36104.76444734537
18,SSP3-7.0,P3,32867.243556343084,35393.778981084775,33630.1275166772,31765.571546016097,37792.78068613714
18,SSP3-7.0,P4,34194.50431879901,36161.31681870746,34500.78174349486,31351.90414350349,37745.83073548131
18,SSP5-8.5,P1,30080.522756430157,32677.340596743434,31304.205646001978,28250.87212748397,34923.30976252511
18,SSP5-8.5,P2,32454.979207160635,35243.46806759804,33416.632494708894,29146.53207324793,37636.48349285127
18,SSP5-8.5,P3,35229.25054654184,37539.67857606664,35903.33210039153,32780.0589290082,39232.02435373552
18,SSP5-8.5,P4,36374.033944662515,41246.38101153214,38161.58026695921,32699.903569101134,43161.728719325685
19,HIST,P0,207001.8404148932,211582.26136654697,208734.0445362952,203245.03711118447,213855.03863668698
19,SSP1-2.6,P1,206762.18838991565,213035.35972005897,208511.35111470387,201489.91180799622,218654.04263796046
19,SSP1-2.6,P2,203120.89658512792,210446.72139583452,206105.4260917381,198145.95125027085,211687.56351820484
19,SSP1-2.6,P3,203490.23589675754,209357.32959554798,207936.04171347985,196919.80326571036,213531.0687681454
19,SSP1-2.6,P4,204766.3661623489,211081.7083394354,207144.05109408568,199369.0309647526,217201.67064214512
19,SSP2-4.5,P1,205193.78953749695,209808.72512734713,207948.15158883133,200815.99017936288,214541.4295652531
19,SSP2-4.5,P2,204052.14513629407,208182.158455913,207386.30811224531,198494.70339010577,212657.05425297437
19,SSP2-4.5,P3,205678.93373660799,211500.82774278603,209169.71908009856,197495.67321786936,217980.3318656223
19,SSP2-4.5,P4,202716.13629164174,208385.79776708226,205455.59304357367,200180.8519514402,212096.2837616223
19,SSP3-7.0,P1,203420.61318438416,211032.21576978778,207617.25545291536,198741.0830096851,218050.8678108988
19,SSP3-7.0,P2,203352.62687017414,210238.42842463666,207219.33416935202,200374.62055342994,217363.416440539
19,SSP3-7.0,P3,203622.36212998765,206775.01840326408,205560.2557112937,199200.91348741547,211103.16658118652
19,SSP3-7.0,P4,200941.62210834183,208778.81510642316,202905.84184887324,195775.08375830308,212284.80724083132
19,SSP5-8.5,P1,204541.95294516964,210945.2730569551,208453.9771747102,201587.20903879526,218862.79727454705
19,SSP5-8.5,P2,203330.00285443824,208829.03345667679,205606.75806967376,197609.71769296122,216310.55847228557
19,SSP5-8.5,P3,201241.51038595018,205945.3379508771,202995.94622403497,194752.63340628246,210923.46800258962
19,SSP5-8.5,P4,201133.48403421455,209722.00827565047,205963.33350063898,193335.73256640497,212552.461669487
20,HIST,P0,146165.9013669197,151345.45677621753,148701.44055927894,142413.65558061417,153841.81128051737
20,SSP1-2.6,P1,151109.37998746202,154001.6375599721,152027.57995016943,147348.83001530357,156448.96832725598
20,SSP1-2.6,P2,153645.32086214866,156327.76225948945,155337.09953526052,149666.4793953036,159563.8793910005
20,SSP1-2.6,P3,153161.879046388,157353.41072035028,155631.8258119994,151368.7625470598,159694.86742450733
20,SSP1-2.6,P4,155120.48615856416,157185.12789227604,155496.59885577662,152884.92615613324,159737.84862614446
20,SSP2-4.5,P1,150943.96242749758,154274.2197371589,153043.58521926808,146829.2566195024,158502.15119766485
20,SSP2-4.5,P2,152285.16969767568,155878.4170945495,154446.81015194987,149361.79194076822,157618.2761679863
20,SSP2-4.5,P3,155643.39513526205,158972.44426933897,157203.53875727492,153016.9635339392,163620.93253495925
20,SSP2-4.5,P4,156710.57644747975,158873.97029528546,157710.79383956754,154220.4631187212,161914.7956613563
20,SSP3-7.0,P1,150478.55052922782,154209.79362602014,152751.5152393615,148267.8302217934,157496.0395084725
20,SSP3-7.0,P2,155050.05357754568,157818.4049915471,155910.32097987755,153335.82205586965,161219.92496061703
20,SSP3-7.0,P3,156510.35430288024,159249.90098715946,158008.01765539416,154541.68685658195,161855.41484810069
20,SSP3-7.0,P4,159640.94841801687,162398.82221802036,161551.02753211488,156912.19830740304,164632.23376667895
20,SSP5-8.5,P1,150890.4871297341,153550.704397976,152337.98563604016,149395.44259098536,157265.5254756962
20,SSP5-8.5,P2,154207.54716776343,158600.01363129626,155769.62241334713,148585.77123406003,164714.20172021005
20,SSP5-8.5,P3,158631.37056455633,162368.08825301236,160416.6663606217,156215.18604260962,163284.0583077962
20,SSP5-8.5,P4,161068.85941081634,164147.64116078411,162765.8106694785,159847.38936245974,164940.3972986952
21,HIST,P0,183433.37715529214,185234.4561889443,184226.11552117608,182412.10211957805,187812.02160514367
21,SSP1-2.6,P1,183857.26920290044,188855.1549503769,186730.5255078377,179420.94564469758,194769.18923436818
21,SSP1-2.6,P2,181270.39936376907,185369.43822654206,184192.31838198245,178354.84131047604,190738.7960099751
21,SSP1-2.6,P3,180548.68747215977,186004.53008984122,183754.85140738575,177822.33144572246,190840.29534200742
21,SSP1-2.6,P4,179201.76232770912,185477.39672723308,183235.68036850862,177488.93881524247,188609.29808862216
21,SSP2-4.5,P1,182124.5510502046,186111.72422697072,184459.1910795971,180259.86279475785,187826.55647130532
21,SSP2-4.5,P2,181361.57068830746,185972.01317309903,183330.66421287227,174550.75478302018,187556.6246009541
21,SSP2-4.5,P3,185208.4385550451,189803.0176303364,188334.7942275933,182475.49873132267,196197.4000790499
21,SSP2-4.5,P4,183562.82438957586,188611.58497403158,185862.92183088194,178879.2480024675,194484.09584734734
21,SSP3-7.0,P1,182596.0660262766,186378.54524055927,185008.9042513679,179940.79910044835,190719.6975303061
21,SSP3-7.0,P2,179387.06578654877,184559.06476141087,183039.8138131826,174885.51942630459,187886.35483928115
21,SSP3-7.0,P3,180233.07082024319,184537.81211812375,181657.56140237243,176047.30631103943,190193.46674209062
21,SSP3-7.0,P4,178131.5383067117,185254.88958453992,179201.61640061712,175025.6118621847,188376.60628330114
21,SSP5-8.5,P1,181046.0278788082,185481.40331385887,182833.843021844,179053.3575289888,187818.18250787837
21,SSP5-8.5,P2,181077.55900323848,186328.21371310044,184223.51976983817,178001.8202222964,188907.37847688884
21,SSP5-8.5,P3,180342.77417322097,184559.36477877136,183098.21213477943,174908.61844370328,188131.97550557487
21,SSP5-8.5,P4,178203.25558532155,181699.99843784448,180357.73474179726,175695.9477566795,186922.6541315796
22,HIST,P0,188405.10306556884,192920.14079655273,190839.99950417006,186318.2061840128,198816.2107057987
22,SSP1-2.6,P1,184444.08221550682,189678.9716086254,187665.74984889134,178604.4537694626,194065.91487275565
22,SSP1-2.6,P2,185586.3811139888,188920.56874602658,186920.58576103233,181050.03432811517,192196.06588986493
22,SSP1-2.6,P3,183575.08895235852,188035.16730498095,186248.80804567033,178203.35337601858,189562.20627500152
22,SSP1-2.6,P4,182892.42361594242,186355.7742480675,184849.18442111043,180367.58656412316,190638.45329663195
22,SSP2-4.5,P1,184108.3676968391,190094.78724284878,187207.93808136572,178903.95154551012,193439.327790261
22,SSP2-4.5,P2,180176.54161694853,185781.00064391978,182806.22619457103,176981.73171011027,189992.59299454995
22,SSP2-4.5,P3,180404.4996953868,184777.3191410426,182244.91944305605,174225.54627958982,188026.6473420786
22,SSP2-4.5,P4,180367.6996156941,182697.40911987756,181840.4453667623,178011.62472937375,184548.90321500768
22,SSP3-7.0,P1,184278.40730585123,190359.41177133436,188539.01991185726,178072.99945660768,192250.55033175668
22,SSP3-7.0,P2,178514.71554129073,183220.85266610497,180288.39595757803,172228.01719994005,187986.6923445498
22,SSP3-7.0,P3,178356.4308516118,183116.8098109711,180985.72315638873,172744.40498697775,188032.55617420695
22,SSP3-7.0,P4,177448.32872334978,181273.22266184574,179700.45672234765,173206.4799902562,185769.60707191043
22,SSP5-8.5,P1,180432.0448168272,188418.4847320705,184814.15596453875,173831.8029325549,193251.44146588913
22,SSP5-8.5,P2,176967.70672558984,182102.80514466786,179169.79630793663,172260.30986339867,188263.50474449436
22,SSP5-8.5,P3,172027.55233513407,175572.63009815227,173619.63584179824,170939.29869603037,178362.65168518096
22,SSP5-8.5,P4,171207.69736301227,175924.19927659543,174184.00792207936,164612.71711697802,178259.29380796044
23,HIST,P0,208879.3386841558,219434.0201773328,210545.04899518733,205923.99586977498,225764.86786733766
23,SSP1-2.6,P1,207309.15944343898,212672.8793296092,210965.17650956608,202198.9643957938,219347.47764747642
23,SSP1-2.6,P2,199622.46444208015,209557.79346776922,206040.947418431,188326.53271528202,215075.67490719806
23,SSP1-2.6,P3,200322.45576088893,208663.23573396367,204775.60090025343,194969.7604749197,216237.0435726141
23,SSP1-2.6,P4,198848.4797345967,205929.53255629897,203467.55302510186,196103.69130594755,214302.3616052235
23,SSP2-4.5,P1,206142.8454195988,215269.3004960994,213645.8259491878,195653.88316161517,219525.06922080292
23,SSP2-4.5,P2,200233.7857176679,209151.93142705638,205308.82355453027,193093.85799610082,219268.08066534187
23,SSP2-4.5,P3,198638.691521921,211106.60096827004,205925.37189060944,185120.83669203485,214299.55543148128
23,SSP2-4.5,P4,197073.82475429238,205176.65157392417,199691.24891841997,188755.5846035304,209790.8185234972
23,SSP3-7.0,P1,206785.48896663875,214529.21998146863,210555.7711800977,197213.1107001788,219863.45301103918
23,SSP3-7.0,P2,202812.69822319457,210211.2871910747,205076.39923155805,194951.49733318316,213353.93557341147
23,SSP3-7.0,P3,194525.00811735113,202222.7510698574,197816.9698695502,185528.03842810116,208617.72832140108
23,SSP3-7.0,P4,188846.52895707107,196393.50437211533,193878.66162655607,181579.89501360498,203213.42507654626
23,SSP5-8.5,P1,205989.94317596682,216007.31219907198,211560.10626077192,197877.29253622703,220652.37237781959
23,SSP5-8.5,P2,197665.28863116604,203067.7221208006,201581.6032552358,191831.14071442813,208845.39084939501
23,SSP5-8.5,P3,185488.10754893004,191218.80667627242,188101.9110927378,181871.04554978767,197532.25113805514
23,SSP5-8.5,P4,174072.6354321485,181785.4698674579,178604.81352424464,170555.63494893635,192245.58055439166
24,HIST,P0,80353.41680803068,86581.21398996601,82450.6065369584,77827.01253229703,90654.38826370118
24,SSP1-2.6,P1,78160.30494019168,83088.98512604904,80860.92135933856,74020.87963739788,87109.22146645632
24,SSP1-2.6,P2,74027.64945516808,79487.51804218753,77838.78446065358,67850.76323559775,82579.53138376804
24,SSP1-2.6,P3,73477.34922484416,77593.43904392031,75391.00487198625,71167.65741480292,79519.27575712209
24,SSP1-2.6,P4,74791.67278782456,79362.62239670925,76159.7952531446,72723.6875960492,81508.45232756546
24,SSP2-4.5,P1,77184.662147778,83315.89618849981,79493.57414446282,72494.08966684382,86585.0049788076
24,SSP2-4.5,P2,73562.90367335721,77864.49338789104,75835.77411920083,71288.0062902669,84166.29094184478
24,SSP2-4.5,P3,71914.29027142335,74483.88375815231,73954.97725044514,68129.66928815396,78078.46763324758
24,SSP2-4.5,P4,70260.43420793439,73646.91941252511,71628.40936354647,67612.70174193634,77136.96914233937
24,SSP3-7.0,P1,76319.2338469369,82538.82938342029,80099.33144730225,72343.96351463941,84809.73791115553
24,SSP3-7.0,P2,72374.27855705711,76697.55812561717,75219.3386082747,68773.7637974113,80653.83495347036
24,SSP3-7.0,P3,69052.10007501733,73366.17239786785,71358.89564723693,63921.679536210126,76433.87893274464
24,SSP3-7.0,P4,62891.42297121753,68439.02670496148,66536.97773822946,60745.489335382816,71183.21645124829
24,SSP5-8.5,P1,78088.42202773948,82550.09208610561,81152.29948061232,71924.68122674747,84832.82635106571
24,SSP5-8.5,P2,73248.51913407425,75311.20618350351,74586.88374552032,70943.0669436628,76792.48609387467
24,SSP5-8.5,P3,65200.52478116113,70708.46130319379,66587.5889393308,60337.22158731129,72270.15719204152
24,SSP5-8.5,P4,59299.57067928866,63574.181983570656,61678.064696075584,56916.807598909734,68028.98883237498
25,HIST,P0,142466.4578694462,146111.7851671205,144901.4510001064,139856.57927265612,151198.18995352322
25,SSP1-2.6,P1,143686.855402459,146630.31331633186,145129.573495747,141112.95321493247,150566.00413267812
25,SSP1-2.6,P2,144532.5429730909,147471.28118402237,146019.6448443106,141645.34597348917,149740.05815850588
25,SSP1-2.6,P3,145064.79057436978,148256.59276500109,146801.34546921024,140397.7327644815,150781.7957087343
25,SSP1-2.6,P4,144810.7540719483,147718.61863536108,146618.11606776004,142069.68463266728,151077.11654487823
25,SSP2-4.5,P1,144491.36096085267,147920.11554636137,146985.350692926,140020.98120545977,149187.09718201426
25,SSP2-4.5,P2,145280.16025416725,148777.06671521795,146794.88678710727,140678.84470056737,150777.1915803486
25,SSP2-4.5,P3,145126.38505200663,147050.93979659,145962.45319657394,142638.43380605636,149529.22088318213
25,SSP2-4.5,P4,143218.5643790478,146912.02707429734,144689.2374617522,139967.0004656172,152386.4897919033
25,SSP3-7.0,P1,143591.40294713966,147661.16957407026,145683.31149817488,139545.15412301585,151146.49394061163
25,SSP3-7.0,P2,143408.5461904116,148811.82757778736,147092.2112384828,139947.65046712066,150521.38506878362
25,SSP3-7.0,P3,143553.11064466016,148124.1514335573,146925.01894682873,141641.6069258222,153341.36050443712
25,SSP3-7.0,P4,147542.5429684778,150102.9400480037,148268.89950632438,144709.92951402458,152763.7893727424
25,SSP5-8.5,P1,143437.65567548922,147324.91980702663,144811.61646937358,137879.6206976745,148540.7012721862
25,SSP5-8.5,P2,143684.4534965918,147573.1354294726,145547.94665407157,142663.72710262495,151499.91796764918
25,SSP5-8.5,P3,144204.1416175099,147390.66816853062,145937.3335767408,141277.6481934925,150454.04708034897
25,SSP5-8.5,P4,145336.42884631667,148340.7313338376,146268.70257545676,143968.1850732824,149987.19586225715
26,HIST,P0,117754.53141240489,127401.094565806,123451.69627779427,114398.68739078032,136393.24356505682
26,SSP1-2.6,P1,122905.90114416028,127883.82716589929,124728.7593620198,116423.93857899161,135191.19900540862
26,SSP1-2.6,P2,122845.24298218053,127799.25042941612,126115.83350290704,118971.05601970789,131646.4154081865
26,SSP1-2.6,P3,122254.48576429204,128227.9649275052,125113.37374577732,118317.76182683981,132996.1856908214
26,SSP1-2.6,P4,121598.67400747474,127829.71880670446,124115.92682598854,116000.78110328646,130750.776630371
26,SSP2-4.5,P1,122293.03536150635,127606.27591035573,126250.39122513807,119968.46823225092,131118.70394126256
26,SSP2-4.5,P2,124419.0359299533,129718.99933692352,127935.39408433856,121068.21077589087,131443.29713215513
26,SSP2-4.5,P3,126594.55470336022,130237.82969628785,127844.69650550894,122760.93336375192,134416.0900180966
26,SSP2-4.5,P4,125370.0724218397,129310.5819718322,127723.58058697527,120901.47403192232,134076.88050804843
26,SSP3-7.0,P1,123614.71499161582,127028.26630478582,125857.7410068362,121097.30988985364,130352.8895521013
26,SSP3-7.0,P2,127039.52334989277,131110.49546644549,129833.20327401432,122676.7257137313,134376.5951338984
26,SSP3-7.0,P3,125535.47927139344,132371.70062850052,129110.60719765714,118008.23978658684,136745.0365847404
26,SSP3-7.0,P4,126229.2240618053,129618.0440339833,128080.80906699947,124739.1819305435,131835.0590608866
26,SSP5-8.5,P1,121958.1768780988,127097.70957598074,123915.07212794475,116848.24099978809,130206.13467951716
26,SSP5-8.5,P2,122317.54087598038,127996.72784676963,124482.385209587,119328.68011991351,133167.95648286218
26,SSP5-8.5,P3,122479.3391738897,126237.8290319299,125113.67079867181,118422.96306662982,130830.92203381885
26,SSP5-8.5,P4,121412.36491715621,124536.08139940811,123282.38215952186,117243.75091191103,127124.51517933709
27,HIST,P0,39734.552228558045,44447.11904939542,42048.728901468865,38072.903375550966,46805.67113117936
27,SSP1-2.6,P1,43051.96411348132,45362.8386044578,44422.76902194297,41799.079777092964,48641.46953064036
27,SSP1-2.6,P2,43811.98062199997,46527.12670060404,45397.69406920701,40922.70941142758,49455.545953541194
27,SSP1-2.6,P3,44816.21276553238,46638.56997635609,45910.40262880593,42717.718557073655,49285.885439987906
27,SSP1-2.6,P4,44719.629475440815,47162.56928919781,46180.5362309433,42176.02877726982,48674.59993710161
27,SSP2-4.5,P1,43409.955025922915,46618.16871585409,44504.10200980469,40258.112388270136,47988.11092764672
27,SSP2-4.5,P2,44865.43692368832,47327.499225445645,45991.91049587558,43116.404315302556,48802.441283542365
27,SSP2-4.5,P3,46382.915806516015,47882.35754802542,47045.78784698332,44604.40181749988,49960.10016993353
27,SSP2-4.5,P4,45383.92131644396,48740.863382608586,46571.92647888958,42982.7016679129,50197.248549388045
27,SSP3-7.0,P1,44054.10382222288,46046.26626337814,45064.606872669625,42221.48478492873,47948.3965858063
27,SSP3-7.0,P2,45707.07788716693,48193.46702975962,46477.564827846625,42377.983946744615,51000.90556272266
27,SSP3-7.0,P3,47276.290706741034,50451.915751446126,48995.2785379276,44823.076482921475,53358.31513971269
27,SSP3-7.0,P4,48546.180839880966,51023.085332445255,49841.60312824655,44925.09676291709,52943.60300587014
27,SSP5-8.5,P1,43141.86741622987,46013.30792500743,44589.28666251022,40155.68044914314,47951.81374484571
27,SSP5-8.5,P2,46321.993177211414,48169.16223237449,47540.21737875391,43736.07940217229,50061.21060241249
27,SSP5-8.5,P3,47862.393145044014,50097.00581128306,49095.39674722908,45480.13208032075,53153.062931062275
27,SSP5-8.5,P4,49243.53115164548,50805.08467196848,50092.033486535984,47133.19146770992,52493.957734748285
28,HIST,P0,19987.786551163343,23259.492998981128,21069.760251671698,15767.391559929309,26103.428854783357
28,SSP1-2.6,P1,22372.535314523026,25296.556759310162,24403.06810880014,19536.68501482232,27726.050109066186
28,SSP1-2.6,P2,21910.53879301542,25273.153990509065,22906.93327354206,19982.72163685792,28619.1701116763
28,SSP1-2.6,P3,22409.119341456342,25429.866780775512,23951.329157952,21478.75007212669,29025.28614611116
28,SSP1-2.6,P4,23071.613802527987,27689.45272130514,24202.25003431044,21684.235446079645,34203.23005077238
28,SSP2-4.5,P1,22253.73830136982,24518.68661285414,22721.132002169932,18944.02670922208,27275.19727618186
28,SSP2-4.5,P2,22854.572814730443,26519.4410288322,23726.000951763075,19917.136305638734,31233.940320324207
28,SSP2-4.5,P3,23961.083652223584,28196.165335518814,25542.461707436407,22199.277533720535,30497.79277280573
28,SSP2-4.5,P4,25179.855213777326,28728.56085580218,26798.35078257213,21866.83035316965,31406.85615012975
28,SSP3-7.0,P1,20879.767123685047,22627.676594161447,21729.253944220378,19171.211002103886,24619.136377016493
28,SSP3-7.0,P2,22433.78506020963,25090.60813122896,23387.979335588996,19649.551487590692,26468.887628850636
28,SSP3-7.0,P3,23915.232544092687,26352.4065269473,25199.894874189373,21119.002748401857,29023.52601305378
28,SSP3-7.0,P4,26309.190950543176,30562.320738101575,28415.31325220765,24869.8811528765,35603.69453609247
28,SSP5-8.5,P1,21970.545851381285,25370.021262108836,23927.96430666944,19862.37800812968,28970.363551431332
28,SSP5-8.5,P2,24024.822529796722,27035.12091347261,25425.26040889396,21493.00229887643,30025.228228177777
28,SSP5-8.5,P3,27807.166927630777,31754.21223274472,28785.60682245147,24222.551464682758,35171.29187020176
28,SSP5-8.5,P4,32464.54128370777,35432.5007685765,33194.88954024436,29222.16716483357,37204.33506876511
29,HIST,P0,45893.91928966793,49381.43807752911,47161.82654915787,40675.018657406945,53860.28150520477
29,SSP1-2.6,P1,49930.66793732626,52752.61858406787,51117.66026459373,46627.3281866033,56288.88334886355
29,SSP1-2.6,P2,48956.2006826031,52454.67062343699,50931.96297467192,46640.733034653225,57057.788274079234
29,SSP1-2.6,P3,48197.27778500915,52358.9712773133,50182.60245170034,46790.40735812953,55901.81011718203
29,SSP1-2.6,P4,49960.46927825657,52558.236997028784,51229.01297264961,48573.337517278815,54978.8895397496
29,SSP2-4.5,P1,47507.993267696256,51366.58184332066,49325.55989891578,45113.53032289246,55050.11447423942
29,SSP2-4.5,P2,49575.71466409854,51843.94051400937,51006.72778491439,46894.57360596584,54782.45900624027
29,SSP2-4.5,P3,50566.8667813365,52790.16348807665,51162.12139552593,48770.23695379417,55297.970207174905
29,SSP2-4.5,P4,50534.7122613883,53932.260170647045,51683.65682013318,46727.71038611769,58743.89739665103
29,SSP3-7.0,P1,48357.53572606662,52304.69952567584,50758.104191689155,45429.75917334127,54156.381606534036
29,SSP3-7.0,P2,50877.03260918107,53476.924200011315,51871.069730825606,47164.840362835326,55561.357345762226
29,SSP3-7.0,P3,51179.15590967174,53484.073613840126,52456.89433879883,48781.932821780305,55039.06859957798
29,SSP3-7.0,P4,54987.90507752464,58772.90461245137,55845.55192728313,49853.49246396176,60712.77266913121
29,SSP5-8.5,P1,50431.85341019324,54024.216918394035,52606.47846403938,45927.17969034928,56149.92406336908
29,SSP5-8.5,P2,51466.115967321304,54632.17871130016,52678.69706870427,48843.63245340594,58244.02149936215
29,SSP5-8.5,P3,53717.70052382946,56814.10283832121,55723.850338210796,52150.81595578008,60038.89195256756
29,SSP5-8.5,P4,56301.67374411121,60319.41380440113,58764.73447879062,53328.10487595259,64635.060332191715
30,HIST,P0,26454.430134004535,29725.391122940717,28145.19456164239,24633.042926297705,31919.867632558628
30,SSP1-2.6,P1,27458.097646964947,29392.577795238256,28333.271100981496,25608.099907141765,30268.557044239576
30,SSP1-2.6,P2,26824.59195625661,29234.24182401765,28401.572731322405,26093.08410823648,31596.09396291162
30,SSP1-2.6,P3,27993.14753659211,29375.33896232027,28614.027941293105,26823.773430777626,31001.389567380502
30,SSP1-2.6,P4,27292.50629158627,30331.556860568184,28656.25722202845,25192.149746220293,34031.62681998482
30,SSP2-4.5,P1,27648.27996798387,30270.872142429675,29450.676573848345,26507.741690715415,31315.296327869593
30,SSP2-4.5,P2,28267.01910237047,30731.189330841877,29346.743707125013,26180.946801979488,32581.984158935695
30,SSP2-4.5,P3,29813.425292316046,32360.432207739403,30928.252995015755,27654.199746228358,34156.17240720393
30,SSP2-4.5,P4,29817.010635455365,31642.917120378785,30680.645999728044,29036.362879830427,32720.044869584144
30,SSP3-7.0,P1,27846.948641154304,29210.368020652066,28257.9293465574,26649.994767831267,30439.78834400417
30,SSP3-7.0,P2,28848.422961884073,31549.828025901646,31062.987348300732,27544.488066892627,34701.370586995145
30,SSP3-7.0,P3,28755.436007683795,30888.681961088412,29833.67855937952,27131.467679595935,33837.51636824549
30,SSP3-7.0,P4,31346.584875226858,34940.87570374287,33173.388149599734,30047.56344906747,38305.89270940311
30,SSP5-8.5,P1,28431.41921572232,31041.877934017368,29916.505545336735,25713.631734787636,33221.05605662975
30,SSP5-8.5,P2,28507.358661233447,31467.739973775242,30003.17980604492,25647.290552362607,34013.70212232825
30,SSP5-8.5,P3,31349.389518916898,33824.250496477034,32753.94345246278,30143.06222022957,34413.78463690786
30,SSP5-8.5,P4,34874.46638051932,38144.27239023235,36626.51854493283,31820.880653225428,41446.33157696099
31,HIST,P0,7714.0015372890975,8508.831350534403,7924.804745397647,6884.736959468729,8835.490487868228
31,SSP1-2.6,P1,7996.929955604617,8730.139345023958,8366.68841935916,7157.447258398608,9359.24747247497
31,SSP1-2.6,P2,8476.602313160562,8996.792725941585,8765.067508723769,7942.164173537347,9760.942007553145
31,SSP1-2.6,P3,8135.577730005941,9049.460819786818,8424.561558099855,7793.033772434113,10203.250411288574
31,SSP1-2.6,P4,8204.966626517624,9003.501659943913,8696.029388475998,7847.739616985975,9480.608257945656
31,SSP2-4.5,P1,7600.959886899641,8488.217170416141,8053.417951540763,6943.813676153036,9811.56570416541
31,SSP2-4.5,P2,8466.754760355352,9336.267856770577,8674.026097381626,8057.753133744843,9982.578723720022
31,SSP2-4.5,P3,9276.901356579236,10330.202725402069,9656.121681500288,8199.49435185225,11787.311096825115
31,SSP2-4.5,P4,9617.830668436804,10319.36342600044,10046.411384588211,8580.69424241166,10907.703585262961
31,SSP3-7.0,P1,7589.385478639411,8303.995262454737,7870.367163821649,7150.548282570578,9137.846179410413
31,SSP3-7.0,P2,8575.857009025665,9335.884869566065,8803.202774847046,8033.0895385287595,10439.181916671501
31,SSP3-7.0,P3,9218.380516135203,10273.902990154264,9790.79764492073,8769.902484721677,11236.929982226511
31,SSP3-7.0,P4,10661.925074031074,12279.16957035939,11228.559821953393,9217.485775452298,13912.282674798422
31,SSP5-8.5,P1,7985.248809652641,9005.411429557409,8374.022479329342,6949.2955231427795,9723.032552229663
31,SSP5-8.5,P2,8706.535991742272,9890.23756776186,9161.043771931789,7780.6613534127755,10580.268927080215
31,SSP5-8.5,P3,10184.79698662689,11098.992546952484,10610.168560447048,9172.84926456209,12393.923390266127
31,SSP5-8.5,P4,12089.720221005178,13405.674380712135,12593.068660248591,11223.55127409408,15033.576794714456
32,HIST,P0,121149.96305377685,123350.19755279363,122401.995613206,120008.98444817518,126040.4636680391
32,SSP1-2.6,P1,123100.0335355112,125092.33427696084,124123.6661107248,121204.66428128343,126555.65201227608
32,SSP1-2.6,P2,123852.11874324869,127144.43963794521,125713.45813465102,120065.0753581461,129826.9362620801
32,SSP1-2.6,P3,124660.31769690319,126851.12779276364,125532.74211223888,123003.00804202163,129985.57942711755
32,SSP1-2.6,P4,124930.79016112103,127230.0185572427,126361.45224526827,122563.8374903494,129462.65180168222
32,SSP2-4.5,P1,122914.7293248382,125728.10141743645,124793.17733324593,120645.57862651636,129286.31780054812
32,SSP2-4.5,P2,124554.14478933052,127678.98333246453,126471.36915321503,122101.19343468816,130631.01644669908
32,SSP2-4.5,P3,126357.23381285384,128225.51613036473,127559.79384602257,123960.23649470079,130449.12461057803
32,SSP2-4.5,P4,126658.21852591349,128983.79027940915,127677.84486170963,124636.79731840767,132072.14934408665
32,SSP3-7.0,P1,122139.17797895618,125043.25842770984,123820.7360968258,119797.49271727467,128129.37632205241
32,SSP3-7.0,P2,124105.02141172625,127141.68218798368,125319.90424250721,120318.39991359935,129174.8528586023
32,SSP3-7.0,P3,125680.12697188274,128317.89391370476,126905.42195115259,122681.69141168855,131286.1063579588
32,SSP3-7.0,P4,128646.142733275,129540.55484076493,129041.86396991162,127871.9294767676,130629.62715720608
32,SSP5-8.5,P1,122776.76401041081,125368.69917006537,123936.72211657708,119502.17313361766,128740.24340246286
32,SSP5-8.5,P2,124306.08395180013,128469.92565023142,126759.37175845605,120373.11318401882,130360.84144045367
32,SSP5-8.5,P3,125810.65112233124,130609.2371973355,127915.81061564006,122889.3345224432,133927.39998622896
32,SSP5-8.5,P4,131328.86011916815,133491.46707577887,132300.37023004796,129639.9477289065,135320.97572277434
33,HIST,P0,26601.244516311177,27006.198956658453,26701.90787434257,26060.80839714726,27481.410105218383
33,SSP1-2.6,P1,27353.194450015602,27944.13207956754,27578.47775314618,26470.969371231004,28551.08920906565
33,SSP1-2.6,P2,26963.992940202796,28077.28561639177,27417.183408974914,25711.284087397522,28929.40587021289
33,SSP1-2.6,P3,27725.92407526538,28443.059867204815,27978.74034337169,26911.95288671396,29090.420380692747
33,SSP1-2.6,P4,27405.381959288083,28146.504651580042,27531.400436552813,26420.426484780066,28972.765605687346
33,SSP2-4.5,P1,26847.534369756257,27653.847183741156,27288.839444517747,26169.74720257061,28318.26405959121
33,SSP2-4.5,P2,27487.550238045656,28164.534664634033,27792.815985142795,27057.061675206547,28794.410623255113
33,SSP2-4.5,P3,27114.694790832287,28216.255305673316,27405.287991223784,25917.01092223586,29331.402664984944
33,SSP2-4.5,P4,27398.686403334155,28315.49753093075,27855.610582918736,26688.281829002823,29554.119094029604
33,SSP3-7.0,P1,26874.565145991644,27927.731770480656,27234.24782131499,26079.82948816626,28188.48991374317
33,SSP3-7.0,P2,27560.988208352584,28475.365981530274,27892.914467182803,27004.757072489745,28797.25922343672
33,SSP3-7.0,P3,27318.14677042762,28509.229696586153,28083.170038994125,26348.117282559346,29164.092555669482
33,SSP3-7.0,P4,27260.026912866164,28126.916362814773,27679.549266882765,26471.524331623958,29309.87245690423
33,SSP5-8.5,P1,27447.293750491444,28248.163774316614,27830.541574003026,26656.129073108183,28781.089931421004
33,SSP5-8.5,P2,27657.804949795387,28292.701529279897,28092.473750930665,26983.32666400644,29153.299715723453
33,SSP5-8.5,P3,27071.457742967446,27722.24226179179,27508.738538875055,26580.04497706268,28524.591199273462
33,SSP5-8.5,P4,27214.967747761584,27908.733276142015,27624.201886704024,26218.392552864854,28486.581437755816
34,HIST,P0,8089.097631625813,8649.728925456064,8386.666838007892,7640.008818361888,9293.426553126013
34,SSP1-2.6,P1,8972.010309650901,9426.552452964577,9148.879255241358,8295.056048333729,9950.35287481464
34,SSP1-2.6,P2,9394.631451816489,10034.829804341996,9784.915672152129,8439.38733350775,10572.07683180708
34,SSP1-2.6,P3,9423.675584047201,10273.85680100169,9672.88581913571,8978.669944891019,11170.205761917035
34,SSP1-2.6,P4,9178.203384660026,9773.745419909186,9547.7508537595,8474.644245210553,10448.233182843464
34,SSP2-4.5,P1,8944.061941913924,9703.934260636997,9397.60603778171,8719.820193288459,10339.51970135172
34,SSP2-4.5,P2,9826.32437980501,10397.858434907044,10106.017329242532,9644.734036546653,10810.313678377017
34,SSP2-4.5,P3,9794.118476487003,10761.787208747975,10416.553478946214,9248.233054338561,11415.182263898627
34,SSP2-4.5,P4,10085.505157079215,10775.05167152524,10336.449907095412,9668.130817369623,11233.688534345634
34,SSP3-7.0,P1,8839.627698622446,9738.19718893072,9243.601999050272,8643.281097547355,10303.819495993992
34,SSP3-7.0,P2,9474.810944324268,10322.459484087105,9881.1918652936,8686.0545529333,10755.814831348644
34,SSP3-7.0,P3,10149.901966756139,11148.626663303035,10797.987084443803,9615.255830105101,11568.961478293264
34,SSP3-7.0,P4,10831.330764165796,11877.669019651017,11345.12068291215,10130.424938029182,12308.493399772986
34,SSP5-8.5,P1,9228.210061251368,9686.192127680659,9495.89483734407,8764.41097370237,10320.432802713993
34,SSP5-8.5,P2,9902.004245121665,10639.979497014145,10483.627133019363,9495.242257458178,11250.394279354463
34,SSP5-8.5,P3,10589.88648804808,11596.404875125658,11264.163603790967,10157.395454407313,12133.579448822551
34,SSP5-8.5,P4,11832.544550964198,12530.424345286365,12095.35354707306,11034.34383124614,13194.621844331876
35,HIST,P0,43538.23086249271,47596.135558829905,45519.03758694511,39437.80430999975,51771.42716562399
35,SSP1-2.6,P1,46095.21361982182,50846.67232288279,49193.65903654781,42732.74685440114,52981.36762112484
35,SSP1-2.6,P2,45994.75360061365,51099.51719553215,49660.792222554286,40219.93852551808,54597.359583120066
35,SSP1-2.6,P3,47126.057401334925,52202.122833183515,48897.048078090884,42902.17217019491,55458.04507513614
35,SSP1-2.6,P4,45826.68664581977,51811.28737600806,48331.30024113496,43108.13844303106,54374.68826646749
35,SSP2-4.5,P1,46770.92039152767,52109.28196009679,48492.00053228985,44003.969104578195,57677.809269339195
35,SSP2-4.5,P2,47860.428514331834,54689.05607224639,51961.91395408361,43531.84444064859,61042.660209268695
35,SSP2-4.5,P3,54596.22775422903,58625.59293257246,56369.701427298736,52104.65526242144,62343.370880625975
35,SSP2-4.5,P4,51803.83809301632,57977.915769769905,55068.38708121441,48620.500629001406,64370.96412573094
35,SSP3-7.0,P1,43893.971960171824,48638.13498439681,45704.15134291126,37991.67788999801,52810.94815708829
35,SSP3-7.0,P2,46847.42218850826,51043.48517299625,48203.650435273245,43508.934845076496,52294.310240381616
35,SSP3-7.0,P3,50182.434174637994,57092.87660157816,53072.28814373614,45206.37782226171,61554.26728080625
35,SSP3-7.0,P4,53390.33908065878,59913.24509532895,56896.7284819568,45851.91241952252,67046.3599486443
35,SSP5-8.5,P1,47026.4907649098,50393.33319488983,48139.757079912335,45258.38102171853,55211.39416290395
35,SSP5-8.5,P2,49732.2381895046,56336.6771123744,53305.410201616774,46670.37928821052,60990.199145032435
35,SSP5-8.5,P3,56183.0255731669,62101.928490514576,58246.292514985296,53680.36139069091,65628.26029984205
35,SSP5-8.5,P4,64203.989148474786,68866.06669479707,66608.33502744664,58514.02434201046,72779.94122133874
36,HIST,P0,34331.548685185626,34870.973361717326,34487.394245337804,33741.362432908194,35457.81517002559
36,SSP1-2.6,P1,35411.93922674335,35812.20692116182,35621.54928717428,35044.96309873249,36326.484311884386
36,SSP1-2.6,P2,35996.9976972997,36828.64681911805,36539.707923163456,35458.188541617885,37933.534306484304
36,SSP1-2.6,P3,36320.253325090096,37129.251068954036,36747.60421872198,35721.546170284804,37910.47011141215
36,SSP1-2.6,P4,36383.7433379753,37033.58258881251,36694.3930297853,36049.277358677144,37873.05126182102
36,SSP2-4.5,P1,35239.35797974489,36201.78519466614,35823.390344845386,34810.84315000506,37383.21813037117
36,SSP2-4.5,P2,36014.799369155415,37545.66363945558,36465.86849435842,35339.25259461701,38675.41183943463
36,SSP2-4.5,P3,37385.720795260524,38565.63143860299,38144.593079473445,36171.90175208848,39832.69102323166
36,SSP2-4.5,P4,38119.32503891426,38879.280112073146,38517.83777516268,37540.44174878008,39665.40539833403
36,SSP3-7.0,P1,35286.245398293504,36128.69967809045,35857.24689843199,34266.959393981866,36835.848135221975
36,SSP3-7.0,P2,36646.80102880256,37716.92968810033,37020.965208818234,35229.45849515381,38878.34192741033
36,SSP3-7.0,P3,37846.45044515436,38894.53694193369,38298.69914713214,36981.73192097896,39770.79911865484
36,SSP3-7.0,P4,38931.13227075382,39654.91877198275,39489.82385806916,38430.377084856096,40644.775334741265
36,SSP5-8.5,P1,35701.7436188221,36729.614434833544,36432.59230941095,35051.75562120121,37352.9549991481
36,SSP5-8.5,P2,37118.46320795018,38385.15387201573,37869.45376943708,36113.000556811196,39941.11048715339
36,SSP5-8.5,P3,38445.966978140525,39595.71185379202,39157.80135362535,36966.862392935276,40408.83336084556
36,SSP5-8.5,P4,39295.44883556818,40248.90183310191,39717.01503883123,38282.12833261478,41337.08402127297
37,HIST,P0,98534.6305774661,104636.50233182283,102473.41519489253,94394.69056080224,112668.34941970679
37,SSP1-2.6,P1,97928.98202900749,103653.03025100348,101926.68883576806,90245.71513063947,108528.78674628347
37,SSP1-2.6,P2,98507.98700929123,104165.00531085255,100345.05547854275,94883.27931551276,111818.97870609422
37,SSP1-2.6,P3,96646.4294647742,103298.56167214102,100612.50374423142,93183.71246983128,108150.46602360108
37,SSP1-2.6,P4,99579.47722409488,103690.49804293779,102177.85833322356,93992.71239877705,108267.10006069568
37,SSP2-4.5,P1,99157.09315328019,103583.41319785282,101574.81677649447,94634.36416535378,108754.25933248046
37,SSP2-4.5,P2,100766.45213233544,104477.56538451482,103418.58805093254,97191.97967560106,108031.00742463354
37,SSP2-4.5,P3,98563.68800208475,103260.01653411516,100547.39166435055,95820.89050988504,109066.873264233
37,SSP2-4.5,P4,98456.57647023143,103028.09158643385,100034.28725525844,94071.39001558986,106158.28738169985
37,SSP3-7.0,P1,96879.73536522452,101603.91043797761,99809.13954952531,93607.92250966956,107163.38832525075
37,SSP3-7.0,P2,99173.89311102963,103154.73306751638,101090.56680366595,93618.37644292152,108709.78840678872
37,SSP3-7.0,P3,99897.6648879851,104997.31725249722,102718.64777439726,94223.77372343339,110142.76394586114
37,SSP3-7.0,P4,100759.47872918,106649.72343075558,105492.40402612429,95534.86537274456,110356.37447960037
37,SSP5-8.5,P1,96956.73161096273,104079.29769677366,99744.5643130866,91030.47837072317,109030.56034768456
37,SSP5-8.5,P2,98257.79995038096,104797.45877972501,101234.67340923926,95093.46463305829,113121.90750990924
37,SSP5-8.5,P3,99450.86704971506,105272.1085252906,101067.64306450503,92950.6054106494,112766.70322513659
37,SSP5-8.5,P4,102039.12824237304,106880.34777759187,105435.60288330438,96802.14215709537,112930.82643081213
38,HIST,P0,71073.94782927044,81183.84809070315,77642.85192230082,65166.159414168345,86611.3735060996
38,SSP1-2.6,P1,70082.2756815567,80926.39327595168,74177.5156721927,60801.968688000066,93760.4345578016
38,SSP1-2.6,P2,75117.74369057151,83012.4329264015,77870.89877577277,67729.24084777349,92198.58418902119
38,SSP1-2.6,P3,70349.81611703587,82218.2598037938,76635.45191179919,64188.09656925566,87572.45734836945
38,SSP1-2.6,P4,71851.90702972934,81154.27876161717,75700.23259107402,63282.44543779109,87673.88114538242
38,SSP2-4.5,P1,73233.74719648162,85592.01173436714,79155.57112968215,66710.00342036324,93766.32747762385
38,SSP2-4.5,P2,75172.64143689364,88803.07426662819,82376.91455959923,65189.75151235159,95359.59265679502
38,SSP2-4.5,P3,79536.48832170054,88478.49171049282,85481.69742774729,69380.09286863997,98933.00431295164
38,SSP2-4.5,P4,77866.82628143346,90910.15225084298,82908.23793112207,67449.94846246025,102246.52611256306
38,SSP3-7.0,P1,71823.82864342806,83762.18196907928,74557.09131991977,66148.44730368454,93945.77831558668
38,SSP3-7.0,P2,75136.6566611271,84635.46325026594,81146.34043656857,73227.70452592218,94410.47202870614
38,SSP3-7.0,P3,82563.7508419228,92293.08099252131,86517.50721732911,73108.51906822692,95317.91494912264
38,SSP3-7.0,P4,85663.0668596235,99775.06122273307,92114.69127749921,75218.89054475541,107740.00869085586
38,SSP5-8.5,P1,72650.86875874919,80690.62380707353,76225.47233662994,64068.9195847692,91752.47894926567
38,SSP5-8.5,P2,74977.95565834543,89428.06910025957,83492.77278084695,69296.596695876,104405.47320325483
38,SSP5-8.5,P3,81005.27770558182,94244.3689397992,88540.40996507482,75393.68280835274,111176.19466661892
38,SSP5-8.5,P4,90969.14365636208,101975.15137677999,98233.14675524946,77774.49991612919,112572.11368874213
39,HIST,P0,127901.93891956219,135086.54259400637,132077.00102007,120419.13802614756,140407.41086950846
39,SSP1-2.6,P1,131660.06749453468,135423.12166351505,133696.03053669297,130892.32266802853,138139.94713235396
39,SSP1-2.6,P2,132051.8099209777,137278.28116473032,133531.07671335142,128652.25359635476,144518.38113817925
39,SSP1-2.6,P3,129943.3472878228,141443.50217004167,138918.57864487555,127141.87481603993,144944.56922965823
39,SSP1-2.6,P4,131099.0256417414,136461.59863686224,134709.74402761788,124728.44212858967,144279.70568851623
39,SSP2-4.5,P1,130724.08618628231,137047.81416050336,134570.1707400587,125306.22047741906,144314.68721630718
39,SSP2-4.5,P2,133349.33686894627,140120.31888465214,135856.02440483563,123957.76807493332,146885.32877981762
39,SSP2-4.5,P3,129256.63778800509,137028.11062662123,134905.15287270115,119447.19099730747,145462.4698403985
39,SSP2-4.5,P4,129720.36904322736,138736.42474666363,135409.1952580818,122405.30048371834,145247.8163176471
39,SSP3-7.0,P1,125772.3153335833,137153.8850539306,130717.21993992291,118804.59035772072,143622.7081150341
39,SSP3-7.0,P2,128942.49165559393,135420.2012497274,131993.98742991468,120339.31133076975,140313.50155642378
39,SSP3-7.0,P3,130941.68811269061,139608.21582400476,133792.63597210008,118879.48751753703,145400.69181546834
39,SSP3-7.0,P4,130540.56321519447,142602.13344054815,137956.8667095417,125277.94303600655,146059.41873260224
39,SSP5-8.5,P1,125387.56832299814,135825.1824289002,131889.4329009287,118952.97658421198,143415.00398747984
39,SSP5-8.5,P2,127937.88541343344,135575.66916496423,131885.25030028867,121028.93956299675,146011.58086259683
39,SSP5-8.5,P3,131378.57259846455,138699.03522554119,136481.75547688775,121498.2253674981,147398.29002891626
39,SSP5-8.5,P4,133283.91639782288,141090.22174961388,137565.30110464213,122420.70970614243,145351.84149211147
40,HIST,P0,101097.38117275972,107164.03054676867,104740.93357479977,92618.12737506117,110561.81153378212
40,SSP1-2.6,P1,101853.97071954166,114187.4242388612,108597.84990980275,94181.31281596933,120507.30950371998
40,SSP1-2.6,P2,102034.22642170195,115062.82032872808,108871.58066003173,92535.6291307926,121352.36722651352
40,SSP1-2.6,P3,108388.01834296173,113971.68813519651,110541.468130051,100375.15901458223,122085.7598567624
40,SSP1-2.6,P4,104644.87060288277,109243.5398722837,106848.08140529727,100283.73365138356,111792.82708549564
40,SSP2-4.5,P1,104303.74479866138,112150.5718954478,108697.3234636579,94201.67806844508,118772.58814632017
40,SSP2-4.5,P2,106973.13341396081,114659.69924382726,111369.96298902156,99534.43451300262,121677.0768133821
40,SSP2-4.5,P3,111063.67433358998,115188.31624684797,113314.01245541667,106415.39775606351,119355.08580717973
40,SSP2-4.5,P4,105202.36866150488,114730.96859502011,108139.96112648015,95517.4931077426,125362.2428391232
40,SSP3-7.0,P1,101809.77819898944,109475.69832153195,104307.4573649299,95127.99117535714,113969.85801617298
40,SSP3-7.0,P2,102015.95659129688,111160.28592127777,106788.0413895117,97064.25511627315,119010.49934296789
40,SSP3-7.0,P3,104417.71923364609,115120.03830789744,110245.48758494714,97801.49662594471,122932.71299341302
40,SSP3-7.0,P4,115668.23072682321,123146.513212127,119761.94707837101,106582.85417795996,128687.46918927038
40,SSP5-8.5,P1,99248.15070574055,109621.3035446353,104487.55906338226,95300.99558268237,122233.26388008212
40,SSP5-8.5,P2,104356.8832846431,112330.71902619222,109024.40963423101,96908.46265232818,119983.70786813973
40,SSP5-8.5,P3,107969.43596455407,120173.81554255029,111990.14482312274,102285.30098241474,131224.35723835859
40,SSP5-8.5,P4,118306.26831992244,125861.85067727807,120743.38312170946,109024.73322224716,130916.6661572304
41,HIST,P0,18499.985042486864,21782.187109228267,20279.565398989107,16797.29119989477,24697.791673342603
41,SSP1-2.6,P1,19869.00160684178,21868.590321437765,21052.55456658813,16900.01745497605,22914.454409779046
41,SSP1-2.6,P2,20706.604449358743,22602.21227879994,21748.951274601255,17873.41904156194,23543.26230314772
41,SSP1-2.6,P3,21891.23244620602,24029.391946858857,23365.917142955514,20076.20295738544,25829.470909043215
41,SSP1-2.6,P4,20562.906166699195,22867.608253880375,21688.23651786308,18413.264308716178,24536.06982383138
41,SSP2-4.5,P1,20425.987841750728,22136.705306072035,21661.553581392094,19113.52430787029,23848.816101951117
41,SSP2-4.5,P2,21284.367856574,24210.95649601432,23447.290639515923,20047.5643458153,26904.02535244477
41,SSP2-4.5,P3,20281.181769344716,24538.59521654764,22490.884156660748,18507.961483734987,28211.00401033811
41,SSP2-4.5,P4,21721.16208820794,24022.018660752612,22906.263827868763,19850.710574060526,26271.89622093986
41,SSP3-7.0,P1,19107.194498942332,21041.303677147822,20360.209923776114,17259.652056238192,23941.36685608624
41,SSP3-7.0,P2,20706.590793431646,24178.696925971748,22470.235700224028,18574.39941187368,26893.66798991873
41,SSP3-7.0,P3,21954.409725965124,24195.241454226816,23212.998024067016,20143.454148409786,26315.585879155224
41,SSP3-7.0,P4,23408.801232710313,27582.46114740453,25160.086048563397,22078.51284018063,30012.407651899615
41,SSP5-8.5,P1,18721.02660209561,22791.0035179306,20703.237905207636,14665.196286481956,25634.50117359794
41,SSP5-8.5,P2,21027.206120306837,23837.32772320669,22290.840492471747,19171.416196675993,27106.039667632584
41,SSP5-8.5,P3,22159.01630844245,25790.077896380848,24235.48403945251,21287.214396983996,27787.902915702216
41,SSP5-8.5,P4,25056.77579945002,28437.6171091034,27010.897885240327,22510.22846453884,29925.13097334598
42,HIST,P0,51398.14344075289,56268.09834099918,54270.62099741145,48802.07106319821,60518.80920447529
42,SSP1-2.6,P1,52974.689961547905,58459.480575193236,54958.97572027894,50105.575366971985,64866.13600606301
42,SSP1-2.6,P2,56601.84150609678,61126.281488731554,58653.503057004506,51898.71081164929,66769.84920509932
42,SSP1-2.6,P3,58082.59185368802,60899.635678119106,59477.8477088705,55747.26529562803,64057.676047440465
42,SSP1-2.6,P4,55005.11459987654,59289.77290179199,57017.78174944828,49155.63452464587,61545.99919401436
42,SSP2-4.5,P1,54790.46571250984,59539.04370681128,56718.729233754675,49702.01593117149,61904.84613931071
42,SSP2-4.5,P2,57840.88543353266,62592.65788028561,60957.69677344087,53465.332078039035,65736.88472409776
42,SSP2-4.5,P3,60503.037089992096,64938.4437464222,62447.6167290709,57057.026425896445,67981.93709279486
42,SSP2-4.5,P4,58383.05459671686,65196.86185075358,61972.508362961664,54094.79247836644,69742.36052587406
42,SSP3-7.0,P1,54660.309089197646,57870.09624449536,57137.43022919836,52130.20902014611,62179.68320277586
42,SSP3-7.0,P2,57342.87780830801,62267.16798601289,60019.593786897625,53158.309598367974,66579.73285311936
42,SSP3-7.0,P3,58198.15780574506,66082.43111908424,62990.84476497295,56143.47906624893,72507.25368383095
42,SSP3-7.0,P4,65879.5724449421,70303.67616264796,67655.61145944922,60030.1634734045,74620.63876991982
42,SSP5-8.5,P1,54223.40215547795,58587.73030986806,55406.41651559759,50912.39990531552,62803.98815914414
42,SSP5-8.5,P2,56868.92025457757,61698.996122214805,58717.851258835566,54823.54737570662,66452.49932300116
42,SSP5-8.5,P3,61035.97568644938,68212.67896570348,65338.948094777785,58970.93643627726,73821.38682720318
42,SSP5-8.5,P4,70099.61201689976,76840.6152828984,72118.12619208351,61437.76328747966,79460.42972790869
43,HIST,P0,4068.9045587261808,4579.01751534164,4321.384624023905,3844.06104082041,5132.329480419671
43,SSP1-2.6,P1,4478.324836757781,4937.78535109251,4712.79660031783,3988.2456159140324,5179.05290466552
43,SSP1-2.6,P2,4851.668882404704,5475.83808345507,5030.874070238107,4371.002603251228,6055.14649854832
43,SSP1-2.6,P3,5068.165223243047,5469.351267675194,5281.987977004697,4489.567228754575,5841.849445842442
43,SSP1-2.6,P4,4865.78545328601,5363.497751805605,5141.456884720286,4524.222391308774,5938.083494566644
43,SSP2-4.5,P1,4638.036955181699,5075.434018562016,4808.073619379862,4385.690512138289,5710.496583346972
43,SSP2-4.5,P2,5149.866041395683,5862.715845162428,5395.044367734397,4763.999359805875,6350.23686789075
43,SSP2-4.5,P3,5374.3540450745,5964.019662437349,5791.739123486829,4955.794966129088,6465.525292583954
43,SSP2-4.5,P4,6002.407145390234,6442.938618936301,6254.096316711378,5408.571814728793,6621.933592594304
43,SSP3-7.0,P1,4786.42803852138,5071.649243171155,4937.763261577943,4438.958674038003,5432.403826717991
43,SSP3-7.0,P2,5509.726847270073,6050.313890811152,5689.054036984775,5226.374523781909,6427.6947090052
43,SSP3-7.0,P3,6255.550243752217,6755.167954562137,6575.533940453859,5620.3820876542495,7360.0246823915795
43,SSP3-7.0,P4,7152.61239865116,8184.334108556912,7777.7617765754985,6382.271142026483,9027.640532110297
43,SSP5-8.5,P1,4485.70118918242,5078.582346465542,4818.401252748125,4088.5538812968935,5787.604369224418
43,SSP5-8.5,P2,5209.881781453465,6074.276037674481,5598.0473967466405,4997.639351317676,6410.461713735177
43,SSP5-8.5,P3,6694.629127775471,7421.996297078949,6921.5607356657065,5945.8316611958135,8095.706373920562
43,SSP5-8.5,P4,8082.96392320749,9470.267231998198,8721.300385332182,7526.277713368863,10607.908384145743
