Name,Kingdom,Phylum,Class,regions,CATEGORY,GRIDS
Abrahamia_darainensis,plantae,tracheophyta,magnoliopsida,[27.0],Critically Endangered,1
Acacia_cangaiensis,plantae,tracheophyta,magnoliopsida,[41.0],Endangered,1
Acacia_pubirhachis,plantae,tracheophyta,magnoliopsida,"[22.0, 38.0, 39.0]",Least Concern,11
Acacia_serpentinicola,plantae,tracheophyta,magnoliopsida,[41.0],Near Threatened,2
Acanthaeschna_victoria,animalia,arthropoda,insecta,[41.0],Endangered,9
Acantholimon_aegaeum,plantae,tracheophyta,magnoliopsida,[19.0],Vulnerable,3
Accipiter_gundlachi,animalia,chordata,aves,[8.0],Endangered,7
Accipiter_henicogrammus,animalia,chordata,aves,[38.0],Near Threatened,2
Acer_chiangdaoense,plantae,tracheophyta,magnoliopsida,"[37.0, 38.0]",Endangered,2
Acer_pseudowilsonii,plantae,tracheophyta,magnoliopsida,[38.0],Endangered,2
Acilacris_furcatus,animalia,arthropoda,insecta,[26.0],Critically Endangered,2
Acrosynanthus_parvifolius,plantae,tracheophyta,magnoliopsida,[8.0],Vulnerable,1
Actinodaphne_shendurunii,plantae,tracheophyta,magnoliopsida,[37.0],Endangered,1
Adelocaryum_coelestinum,plantae,tracheophyta,magnoliopsida,[37.0],Near Threatened,12
Adolfus_alleni,animalia,chordata,reptilia,[24.0],Near Threatened,4
Adolfus_masavaensis,animalia,chordata,reptilia,[24.0],Near Threatened,3
Aeschynomene_pararubrofarinacea,plantae,tracheophyta,magnoliopsida,"[22.0, 24.0, 25.0, 26.0]",Least Concern,12
Aethopyga_primigenia,animalia,chordata,aves,[38.0],Least Concern,1
Afrixalus_septentrionalis,animalia,chordata,amphibia,[24.0],Least Concern,3
Afrosciadium_abyssinicum,plantae,tracheophyta,magnoliopsida,[23.0],Vulnerable,6
Afrothismia_mhoroana,plantae,tracheophyta,liliopsida,[24.0],Critically Endangered,1
Agaricus_pattersoniae,fungi,basidiomycota,agaricomycetes,[3.0],Vulnerable,3
Agasthyagama_beddomii,animalia,chordata,reptilia,[37.0],Endangered,2
Agelasta_mindanaonis,animalia,arthropoda,insecta,[38.0],Vulnerable,4
Aglaia_integrifolia,plantae,tracheophyta,magnoliopsida,[38.0],Critically Endangered,1
Alchemilla_elgonensis,plantae,tracheophyta,magnoliopsida,[24.0],Vulnerable,3
Aleurina_echinata,fungi,ascomycota,pezizomycetes,[15.0],Near Threatened,2
Allognathus_graellsianus,animalia,mollusca,gastropoda,[19.0],Least Concern,1
Allognathus_pyrenaicus,animalia,mollusca,gastropoda,[19.0],Near Threatened,4
Aloe_benishangulana,plantae,tracheophyta,liliopsida,[23.0],Critically Endangered,1
Aloe_friisii,plantae,tracheophyta,liliopsida,[23.0],Endangered,2
Aloe_macleayi,plantae,tracheophyta,liliopsida,[23.0],Least Concern,3
Aloe_mossurilensis,plantae,tracheophyta,liliopsida,[26.0],Critically Endangered,1
Aloe_nuttii,plantae,tracheophyta,liliopsida,"[24.0, 25.0, 26.0]",Least Concern,31
Alphitophagus_xaxarsi,animalia,arthropoda,insecta,[19.0],Vulnerable,1
Alstonia_rupestris,plantae,tracheophyta,magnoliopsida,[38.0],Critically Endangered,1
Amandava_formosa,animalia,chordata,aves,[37.0],Vulnerable,61
Amanita_aporema,fungi,basidiomycota,agaricomycetes,[38.0],Vulnerable,3
Amanita_vernicoccora,fungi,basidiomycota,agaricomycetes,"[3.0, 6.0]",Least Concern,37
Ammannia_quadriciliata,plantae,tracheophyta,magnoliopsida,[27.0],Endangered,1
Ammobates_melectoides,animalia,arthropoda,insecta,[17.0],Endangered,2
Amorphochilus_schnablii,animalia,chordata,mammalia,"[9.0, 13.0]",Vulnerable,15
Amyris_lineata,plantae,tracheophyta,magnoliopsida,[8.0],Critically Endangered,7
Amyris_rhomboidea,plantae,tracheophyta,magnoliopsida,[7.0],Endangered,1
Anaphalis_beddomei,plantae,tracheophyta,magnoliopsida,[37.0],Vulnerable,10
Anatololacerta_anatolica,animalia,chordata,reptilia,[19.0],Least Concern,7
Anchiale_austrotessulata,animalia,arthropoda,insecta,[41.0],Least Concern,9
Ancylodactylus_chyuluensis,animalia,chordata,reptilia,[24.0],Endangered,1
Andira_galeottiana,plantae,tracheophyta,magnoliopsida,[7.0],Least Concern,13
Andropogon_pusillus,plantae,tracheophyta,liliopsida,"[21.0, 22.0]",Endangered,4
Aneides_ferreus,animalia,chordata,amphibia,[3.0],Least Concern,9
Anhydrophryne_rattrayi,animalia,chordata,amphibia,[26.0],Endangered,2
Annona_cubensis,plantae,tracheophyta,magnoliopsida,[8.0],Endangered,3
Annona_ekmanii,plantae,tracheophyta,magnoliopsida,[8.0],Critically Endangered,1
Annona_nipensis,plantae,tracheophyta,magnoliopsida,[8.0],Endangered,3
Annona_oblongifolia,plantae,tracheophyta,magnoliopsida,[8.0],Critically Endangered,1
Annona_sclerophylla,plantae,tracheophyta,magnoliopsida,[8.0],Vulnerable,2
Anolis_muralla,animalia,chordata,reptilia,[7.0],Critically Endangered,1
Anthus_nilghiriensis,animalia,chordata,aves,[37.0],Vulnerable,2
Anthus_sokokensis,animalia,chordata,aves,[24.0],Endangered,5
Arabis_elgonensis,plantae,tracheophyta,magnoliopsida,[24.0],Critically Endangered,1
Arachnothryx_chimalaparum,plantae,tracheophyta,magnoliopsida,[7.0],Endangered,2
Arachnothryx_nitida,plantae,tracheophyta,magnoliopsida,[7.0],Vulnerable,8
Araucaria_bidwillii,plantae,tracheophyta,pinopsida,"[39.0, 41.0]",Least Concern,5
Archaeosynthemis_orientalis,animalia,arthropoda,insecta,"[41.0, 42.0]",Least Concern,5
Archidendron_nervosum,plantae,tracheophyta,magnoliopsida,[38.0],Near Threatened,3
Arctostaphylos_hooveri,plantae,tracheophyta,magnoliopsida,[3.0],Least Concern,5
Ardeola_idae,animalia,chordata,aves,"[22.0, 24.0, 26.0, 27.0]",Endangered,334
Ardisia_capuronii,plantae,tracheophyta,magnoliopsida,[27.0],Endangered,3
Ardisia_kerrii,plantae,tracheophyta,magnoliopsida,[38.0],Endangered,3
Arisaema_murrayi,plantae,tracheophyta,liliopsida,[37.0],Near Threatened,18
Arizelopsar_femoralis,animalia,chordata,aves,[24.0],Endangered,5
Artisornis_moreaui,animalia,chordata,aves,[24.0],Endangered,2
Asiagomphus_coreanus,animalia,arthropoda,insecta,[35.0],Endangered,1
Asio_capensis,animalia,chordata,aves,"[19.0, 20.0, 21.0, 22.0, 23.0, 24.0, 25.0, 26.0, 27.0]",Least Concern,653
Aspidosperma_formosanum,plantae,tracheophyta,magnoliopsida,[11.0],Endangered,2
Assa_darlingtoni,animalia,chordata,amphibia,[41.0],Vulnerable,6
Astrocaryum_mexicanum,plantae,tracheophyta,liliopsida,[7.0],Least Concern,19
Ateleia_gummifera,plantae,tracheophyta,magnoliopsida,"[7.0, 8.0]",Least Concern,42
Athene_blewitti,animalia,chordata,aves,[37.0],Endangered,5
Atlantihyla_spinipollex,animalia,chordata,amphibia,[7.0],Endangered,2
Atrichornis_rufescens,animalia,chordata,aves,[41.0],Endangered,4
Austrarchaea_monteithi,animalia,arthropoda,arachnida,[41.0],Critically Endangered,1
Austroaeschna_sigma,animalia,arthropoda,insecta,[41.0],Least Concern,4
Austroargiolestes_isabellae,animalia,arthropoda,insecta,[41.0],Least Concern,4
Austrogomphus_collaris,animalia,arthropoda,insecta,[42.0],Least Concern,1
Austropetalia_patricia,animalia,arthropoda,insecta,[41.0],Vulnerable,1
Austrophlebia_costalis,animalia,arthropoda,insecta,[41.0],Least Concern,2
Avahi_cleesei,animalia,chordata,mammalia,[27.0],Critically Endangered,1
Azima_tetracantha,plantae,tracheophyta,magnoliopsida,"[22.0, 23.0, 24.0, 25.0, 26.0, 27.0, 36.0, 37.0]",Least Concern,127
Badiera_virgata,plantae,tracheophyta,magnoliopsida,[8.0],Least Concern,17
Baikiaea_plurijuga,plantae,tracheophyta,magnoliopsida,"[25.0, 26.0]",Least Concern,37
Bakeridesia_amoena,plantae,tracheophyta,magnoliopsida,[7.0],Endangered,1
Bakeridesia_zapoteca,plantae,tracheophyta,magnoliopsida,[7.0],Endangered,3
Balcanodiscus_cerberus,animalia,mollusca,gastropoda,[19.0],Near Threatened,1
Balcanodiscus_magnus,animalia,mollusca,gastropoda,[19.0],Near Threatened,1
Balearica_pavonina,animalia,chordata,aves,"[20.0, 21.0, 22.0, 23.0]",Vulnerable,272
Balearica_regulorum,animalia,chordata,aves,"[22.0, 23.0, 24.0, 25.0, 26.0]",Endangered,236
Banara_minutiflora,plantae,tracheophyta,magnoliopsida,"[5.0, 8.0]",Least Concern,18
Banksia_heliantha,plantae,tracheophyta,magnoliopsida,[42.0],Near Threatened,1
Banksia_laevigata,plantae,tracheophyta,magnoliopsida,[42.0],Near Threatened,2
Banksia_pallida,plantae,tracheophyta,magnoliopsida,[42.0],Vulnerable,4
Banksia_violacea,plantae,tracheophyta,magnoliopsida,[42.0],Vulnerable,3
Barleria_crabbeoides,plantae,tracheophyta,magnoliopsida,[25.0],Endangered,2
Barleria_namba,plantae,tracheophyta,magnoliopsida,[25.0],Vulnerable,1
Batrachoseps_luciae,animalia,chordata,amphibia,[3.0],Least Concern,1
Batrachoseps_relictus,animalia,chordata,amphibia,[3.0],Critically Endangered,1
Bauhinia_grevei,plantae,tracheophyta,magnoliopsida,"[25.0, 26.0, 27.0]",Least Concern,11
Bauhinia_wunderlinii,plantae,tracheophyta,magnoliopsida,[7.0],Endangered,4
Beaucarnea_pliabilis,plantae,tracheophyta,liliopsida,[7.0],Vulnerable,17
Bellium_minutum,plantae,tracheophyta,magnoliopsida,[19.0],Least Concern,23
Berlinia_orientalis,plantae,tracheophyta,magnoliopsida,[26.0],Vulnerable,3
Betta_dennisyongi,animalia,chordata,actinopterygii,[38.0],Vulnerable,2
Betta_rubra,animalia,chordata,actinopterygii,[38.0],Endangered,2
Bidens_zavattarii,plantae,tracheophyta,magnoliopsida,[23.0],Vulnerable,4
Bitis_gabonica,animalia,chordata,reptilia,"[21.0, 22.0, 23.0, 24.0, 25.0, 26.0]",Vulnerable,357
Bitis_worthingtoni,animalia,chordata,reptilia,[24.0],Vulnerable,1
Boana_pellucens,animalia,chordata,amphibia,[9.0],Least Concern,9
Boletus_rex-veris,fungi,basidiomycota,agaricomycetes,[3.0],Least Concern,81
Bonellia_moana,plantae,tracheophyta,magnoliopsida,[8.0],Endangered,2
Bonellia_shaferi,plantae,tracheophyta,magnoliopsida,[8.0],Vulnerable,3
Bornargiolestes_fuscus,animalia,arthropoda,insecta,[38.0],Near Threatened,4
Bourreria_angustifolia,plantae,tracheophyta,magnoliopsida,[27.0],Critically Endangered,1
Bourreria_leslieae,plantae,tracheophyta,magnoliopsida,[27.0],Endangered,3
Brachyopa_minima,animalia,arthropoda,insecta,[19.0],Critically Endangered,2
Brachypelma_epicureanum,animalia,arthropoda,arachnida,[7.0],Least Concern,3
Brachystegia_bakeriana,plantae,tracheophyta,magnoliopsida,"[25.0, 26.0]",Least Concern,21
Brachystegia_spiciformis,plantae,tracheophyta,magnoliopsida,"[22.0, 24.0, 25.0, 26.0]",Least Concern,144
Brachythrix_pawekiae,plantae,tracheophyta,magnoliopsida,[26.0],Near Threatened,1
Breonia_boivinii,plantae,tracheophyta,magnoliopsida,[27.0],Vulnerable,4
Bridelia_taitensis,plantae,tracheophyta,magnoliopsida,[24.0],Vulnerable,5
Bromeliohyla_melacaena,animalia,chordata,amphibia,[7.0],Endangered,1
Brookesia_bonsi,animalia,chordata,reptilia,[27.0],Critically Endangered,1
Brookesia_perarmata,animalia,chordata,reptilia,[27.0],Endangered,1
Brya_chrysogonii,plantae,tracheophyta,magnoliopsida,[8.0],Least Concern,4
Brya_ebenus,plantae,tracheophyta,magnoliopsida,[8.0],Least Concern,19
Bubalus_mindorensis,animalia,chordata,mammalia,[38.0],Critically Endangered,4
Butyriboletus_abieticola,fungi,basidiomycota,agaricomycetes,[3.0],Least Concern,14
Butyriboletus_primiregius,fungi,basidiomycota,agaricomycetes,[3.0],Least Concern,13
Buxus_cristalensis,plantae,tracheophyta,magnoliopsida,[8.0],Least Concern,1
Buxus_ekmanii,plantae,tracheophyta,magnoliopsida,[8.0],Endangered,2
Buxus_gonoclada,plantae,tracheophyta,magnoliopsida,[8.0],Least Concern,8
Buxus_koehleri,plantae,tracheophyta,magnoliopsida,[8.0],Critically Endangered,1
Buxus_nipensis,plantae,tracheophyta,magnoliopsida,[8.0],Endangered,1
Buxus_retusa,plantae,tracheophyta,magnoliopsida,[8.0],Vulnerable,2
Byrsonima_oaxacana,plantae,tracheophyta,magnoliopsida,[7.0],Vulnerable,3
Cacosternum_thorini,animalia,chordata,amphibia,[26.0],Endangered,2
Cailliella_praerupticola,plantae,tracheophyta,magnoliopsida,[21.0],Endangered,2
Caladenia_graniticola,plantae,tracheophyta,liliopsida,[42.0],Endangered,3
Callicarpa_argentii,plantae,tracheophyta,magnoliopsida,[38.0],Endangered,2
Calonarius_luteicolor,fungi,basidiomycota,agaricomycetes,"[1.0, 3.0]",Vulnerable,20
Calophyllum_utile,plantae,tracheophyta,magnoliopsida,[8.0],Critically Endangered,2
Cameraria_orientensis,plantae,tracheophyta,magnoliopsida,[8.0],Vulnerable,2
Cameraria_retusa,plantae,tracheophyta,magnoliopsida,[8.0],Near Threatened,6
Campylospermum_bukobense,plantae,tracheophyta,magnoliopsida,"[22.0, 23.0, 24.0, 26.0]",Least Concern,43
Canarium_velutinifolium,plantae,tracheophyta,magnoliopsida,[27.0],Endangered,2
Candovia_aberrata,animalia,arthropoda,insecta,[41.0],Least Concern,6
Candovia_annulata,animalia,arthropoda,insecta,[41.0],Least Concern,6
Candovia_granulosa,animalia,arthropoda,insecta,[41.0],Least Concern,7
Candovia_strumosa,animalia,arthropoda,insecta,[41.0],Least Concern,1
Cantharellus_fuligineus,fungi,basidiomycota,agaricomycetes,[38.0],Near Threatened,3
Cantharellus_gotzenii,fungi,basidiomycota,agaricomycetes,[24.0],Endangered,1
Capurodendron_mikearum,plantae,tracheophyta,magnoliopsida,[27.0],Vulnerable,3
Capurodendron_naciriae,plantae,tracheophyta,magnoliopsida,[27.0],Endangered,1
Capurodendron_namorokense,plantae,tracheophyta,magnoliopsida,[27.0],Critically Endangered,1
Capurodendron_nanophyllum,plantae,tracheophyta,magnoliopsida,[27.0],Critically Endangered,1
Carpha_angustissima,plantae,tracheophyta,liliopsida,[24.0],Endangered,9
Casearia_engleri,plantae,tracheophyta,magnoliopsida,[24.0],Vulnerable,2
Casearia_yucatanensis,plantae,tracheophyta,magnoliopsida,[7.0],Near Threatened,16
Castela_retusa,plantae,tracheophyta,magnoliopsida,[7.0],Endangered,4
Celtis_gomphophylla,plantae,tracheophyta,magnoliopsida,"[21.0, 22.0, 23.0, 24.0, 26.0, 27.0]",Least Concern,69
Ceratophrys_stolzmanni,animalia,chordata,amphibia,[9.0],Vulnerable,2
Ceropegia_huberi,plantae,tracheophyta,magnoliopsida,[37.0],Endangered,3
Ceropegia_recurvata,plantae,tracheophyta,magnoliopsida,[23.0],Vulnerable,2
Chaetocarpus_acutifolius,plantae,tracheophyta,magnoliopsida,[8.0],Endangered,2
Chaetocarpus_gabonensis,plantae,tracheophyta,magnoliopsida,[22.0],Vulnerable,3
Chaetocercus_berlepschi,animalia,chordata,aves,[9.0],Vulnerable,1
Chamaedorea_arenbergiana,plantae,tracheophyta,liliopsida,[7.0],Least Concern,12
Chamaeleo_anchietae,animalia,chordata,reptilia,"[22.0, 24.0, 25.0, 26.0]",Least Concern,28
Chamaeleo_zeylanicus,animalia,chordata,reptilia,[37.0],Least Concern,170
Chamaesaura_miopropus,animalia,chordata,reptilia,"[22.0, 24.0, 25.0, 26.0]",Least Concern,57
Chamaesaura_tenuior,animalia,chordata,reptilia,[25.0],Least Concern,1
Cherbezatina_bicolor,animalia,arthropoda,insecta,[27.0],Near Threatened,1
Chiloglottis_anaticeps,plantae,tracheophyta,liliopsida,[41.0],Endangered,1
Chionanthus_axilliflorus,plantae,tracheophyta,magnoliopsida,[8.0],Vulnerable,7
Chlorocebus_aethiops,animalia,chordata,mammalia,"[20.0, 23.0]",Least Concern,86
Chlorophytum_benuense,plantae,tracheophyta,liliopsida,[22.0],Endangered,4
Chlorophytum_camporum,plantae,tracheophyta,liliopsida,"[21.0, 22.0]",Endangered,3
Chlorophytum_herrmannii,plantae,tracheophyta,liliopsida,[23.0],Critically Endangered,2
Chlorophytum_pseudocaule,plantae,tracheophyta,liliopsida,[23.0],Critically Endangered,1
Chlorophytum_serpens,plantae,tracheophyta,liliopsida,[23.0],Endangered,2
Chlorophytum_staudtii,plantae,tracheophyta,liliopsida,"[21.0, 22.0]",Endangered,5
Chloroxylon_faho,plantae,tracheophyta,magnoliopsida,[27.0],Vulnerable,4
Choiromyces_alveolatus,fungi,ascomycota,pezizomycetes,[3.0],Least Concern,18
Chroogomphus_albipes,fungi,basidiomycota,agaricomycetes,"[1.0, 3.0]",Least Concern,187
Chroogomphus_pseudovinicolor,fungi,basidiomycota,agaricomycetes,"[1.0, 3.0]",Least Concern,90
Chrysochlamys_guatemaltecana,plantae,tracheophyta,magnoliopsida,[7.0],Vulnerable,10
Chrysopelea_taprobanica,animalia,chordata,reptilia,[37.0],Least Concern,2
Cincinnobotrys_felicis,plantae,tracheophyta,magnoliopsida,[21.0],Endangered,4
Cinnamomum_agasthyamalayanum,plantae,tracheophyta,magnoliopsida,[37.0],Endangered,1
Cinnyris_rufipennis,animalia,chordata,aves,[24.0],Vulnerable,1
Cinnyris_usambaricus,animalia,chordata,aves,[24.0],Least Concern,2
Coccoloba_armata,plantae,tracheophyta,magnoliopsida,[8.0],Least Concern,15
Coccoloba_caesia,plantae,tracheophyta,magnoliopsida,[8.0],Least Concern,3
Coccoloba_chiapensis,plantae,tracheophyta,magnoliopsida,[7.0],Endangered,3
Coccoloba_coriacea,plantae,tracheophyta,magnoliopsida,[8.0],Vulnerable,3
Coccoloba_retusa,plantae,tracheophyta,magnoliopsida,[8.0],Least Concern,18
Coccoloba_shaferi,plantae,tracheophyta,magnoliopsida,[8.0],Least Concern,2
Coccothrinax_garciana,plantae,tracheophyta,liliopsida,[8.0],Least Concern,5
Coccothrinax_gundlachii,plantae,tracheophyta,liliopsida,[8.0],Endangered,4
Coccothrinax_leonis,plantae,tracheophyta,liliopsida,[8.0],Critically Endangered,1
Coccothrinax_moaensis,plantae,tracheophyta,liliopsida,[8.0],Endangered,2
Coccothrinax_nipensis,plantae,tracheophyta,liliopsida,[8.0],Endangered,1
Coccothrinax_orientalis,plantae,tracheophyta,liliopsida,[8.0],Endangered,1
Coccothrinax_pauciramosa,plantae,tracheophyta,liliopsida,[8.0],Critically Endangered,1
Coccothrinax_pseudorigida,plantae,tracheophyta,liliopsida,[8.0],Endangered,2
Coeliccia_macrostigma,animalia,arthropoda,insecta,[38.0],Endangered,1
Coeliccia_octogesima,animalia,arthropoda,insecta,[38.0],Least Concern,6
Cojoba_escuintlensis,plantae,tracheophyta,magnoliopsida,[7.0],Vulnerable,4
Colea_darainensis,plantae,tracheophyta,magnoliopsida,[27.0],Endangered,1
Coleus_lyratus,plantae,tracheophyta,magnoliopsida,"[21.0, 22.0]",Vulnerable,7
Colostethus_latinasus,animalia,chordata,amphibia,[9.0],Critically Endangered,3
Conospermum_ericifolium,plantae,tracheophyta,magnoliopsida,[41.0],Least Concern,2
Copelatus_befasicus,animalia,arthropoda,insecta,[27.0],Endangered,2
Copernicia_cowellii,plantae,tracheophyta,liliopsida,[8.0],Endangered,2
Copernicia_fallaensis,plantae,tracheophyta,liliopsida,[8.0],Endangered,3
Copernicia_gigas,plantae,tracheophyta,liliopsida,[8.0],Least Concern,8
Cophixalus_kaindiensis,animalia,chordata,amphibia,[38.0],Near Threatened,1
Coptis_laciniata,plantae,tracheophyta,magnoliopsida,[3.0],Least Concern,20
Cordia_pulverulenta,plantae,tracheophyta,magnoliopsida,[8.0],Near Threatened,5
Cordia_valenzuelana,plantae,tracheophyta,magnoliopsida,[8.0],Endangered,4
Cordia_vanhermannii,plantae,tracheophyta,magnoliopsida,[8.0],Critically Endangered,1
Cordulephya_montana,animalia,arthropoda,insecta,[41.0],Near Threatened,2
Cornufer_cheesmanae,animalia,chordata,amphibia,[38.0],Vulnerable,1
Cortinarius_olympianus,fungi,basidiomycota,agaricomycetes,[3.0],Least Concern,34
Cortinarius_verrucisporus,fungi,basidiomycota,agaricomycetes,[3.0],Least Concern,6
Corvus_validus,animalia,chordata,aves,[38.0],Least Concern,4
Craterellus_atrocinereus,fungi,basidiomycota,agaricomycetes,[3.0],Near Threatened,5
Craterosiphon_montanum,plantae,tracheophyta,magnoliopsida,[22.0],Endangered,2
Craterostigma_pusillum,plantae,tracheophyta,magnoliopsida,[24.0],Endangered,2
Craterostigma_sudanicum,plantae,tracheophyta,magnoliopsida,[23.0],Endangered,2
Craugastor_alfredi,animalia,chordata,amphibia,[7.0],Least Concern,5
Craugastor_charadra,animalia,chordata,amphibia,[7.0],Vulnerable,1
Craugastor_chrysozetetes,animalia,chordata,amphibia,[7.0],Critically Endangered,1
Craugastor_cruzi,animalia,chordata,amphibia,[7.0],Critically Endangered,1
Craugastor_cyanochthebius,animalia,chordata,amphibia,[7.0],Endangered,1
Craugastor_fecundus,animalia,chordata,amphibia,[7.0],Critically Endangered,2
Craugastor_lauraster,animalia,chordata,amphibia,[7.0],Least Concern,3
Craugastor_milesi,animalia,chordata,amphibia,[7.0],Critically Endangered,1
Cremastosperma_westrae,plantae,tracheophyta,magnoliopsida,"[7.0, 9.0]",Endangered,2
Crocidura_macowi,animalia,chordata,mammalia,[23.0],Endangered,2
Crossopetalum_minimiflorum,plantae,tracheophyta,magnoliopsida,[7.0],Vulnerable,2
Crossopetalum_mossambicense,plantae,tracheophyta,magnoliopsida,[26.0],Endangered,2
Crotalaria_trifoliolata,plantae,tracheophyta,magnoliopsida,[23.0],Endangered,1
Croton_bergassae,plantae,tracheophyta,magnoliopsida,[27.0],Endangered,2
Croton_cristalensis,plantae,tracheophyta,magnoliopsida,[8.0],Endangered,1
Croton_gibsonianus,plantae,tracheophyta,magnoliopsida,[37.0],Critically Endangered,1
Cryptocarya_burckeana,plantae,tracheophyta,magnoliopsida,"[38.0, 39.0]",Endangered,3
Cryptocarya_nova-anglica,plantae,tracheophyta,magnoliopsida,[41.0],Vulnerable,7
Cryptocarya_williwilliana,plantae,tracheophyta,magnoliopsida,[41.0],Endangered,2
Cryptotriton_nasalis,animalia,chordata,amphibia,[7.0],Endangered,1
Csapodya_sousae,plantae,tracheophyta,magnoliopsida,[7.0],Endangered,2
Ctenodecticus_pupulus,animalia,arthropoda,insecta,[19.0],Least Concern,1
Cyclamen_intaminatum,plantae,tracheophyta,magnoliopsida,[19.0],Near Threatened,1
Cynanchum_balense,plantae,tracheophyta,magnoliopsida,[23.0],Endangered,1
Cynanchum_subtilis,plantae,tracheophyta,magnoliopsida,[27.0],Endangered,2
Cyperus_afroalpinus,plantae,tracheophyta,liliopsida,[24.0],Near Threatened,22
Cyperus_papyrus,plantae,tracheophyta,liliopsida,"[19.0, 20.0, 21.0, 22.0, 23.0, 24.0, 25.0, 26.0]",Least Concern,830
Cyphia_nyikensis,plantae,tracheophyta,magnoliopsida,[26.0],Endangered,1
Cyphostemma_leucotrichum,plantae,tracheophyta,magnoliopsida,[22.0],Endangered,2
Cyrtodactylus_jeyporensis,animalia,chordata,reptilia,[37.0],Endangered,2
Cyrtodactylus_rishivalleyensis,animalia,chordata,reptilia,[37.0],Endangered,1
Cyrtodactylus_srilekhae,animalia,chordata,reptilia,[37.0],Near Threatened,1
Cyttaria_septentrionalis,fungi,ascomycota,leotiomycetes,[41.0],Vulnerable,4
Dalbergia_sissoides,plantae,tracheophyta,magnoliopsida,[37.0],Vulnerable,9
Damburneya_mirafloris,plantae,tracheophyta,magnoliopsida,[7.0],Endangered,3
Daphnopsis_bissei,plantae,tracheophyta,magnoliopsida,[8.0],Critically Endangered,1
Daphnopsis_cuneata,plantae,tracheophyta,magnoliopsida,[8.0],Least Concern,4
Daphnopsis_megacarpa,plantae,tracheophyta,magnoliopsida,[7.0],Endangered,2
Deherainia_smaragdina,plantae,tracheophyta,magnoliopsida,[7.0],Vulnerable,16
Deinbollia_kilimandscharica,plantae,tracheophyta,magnoliopsida,"[23.0, 24.0]",Least Concern,25
Denhamia_moorei,plantae,tracheophyta,magnoliopsida,[41.0],Near Threatened,1
Dermophis_glandulosus,animalia,chordata,amphibia,[9.0],Least Concern,1
Dermophis_mexicanus,animalia,chordata,amphibia,[7.0],Least Concern,7
Desmodium_conzattii,plantae,tracheophyta,magnoliopsida,[7.0],Near Threatened,6
Desmognathus_marmoratus,animalia,chordata,amphibia,[5.0],Least Concern,1
Desmopsis_dubia,plantae,tracheophyta,magnoliopsida,[7.0],Endangered,2
Diasporus_darienensis,animalia,chordata,amphibia,[9.0],Near Threatened,2
Dicliptera_leonotis,plantae,tracheophyta,magnoliopsida,[37.0],Critically Endangered,1
Digitaria_adamaouensis,plantae,tracheophyta,liliopsida,"[21.0, 22.0]",Endangered,3
Digitaria_megasthenes,plantae,tracheophyta,liliopsida,[26.0],Endangered,3
Digoniopterys_microphylla,plantae,tracheophyta,magnoliopsida,[27.0],Endangered,4
Diorygopyx_duplodentatus,animalia,arthropoda,insecta,[41.0],Endangered,1
Dioscorea_longicuspis,plantae,tracheophyta,liliopsida,[24.0],Vulnerable,5
Diospyros_anisandra,plantae,tracheophyta,magnoliopsida,"[7.0, 8.0]",Least Concern,16
Diospyros_bibracteata,plantae,tracheophyta,magnoliopsida,[38.0],Vulnerable,6
Diospyros_boinensis,plantae,tracheophyta,magnoliopsida,[27.0],Near Threatened,7
Diospyros_darainensis,plantae,tracheophyta,magnoliopsida,[27.0],Endangered,1
Diospyros_hongwae,plantae,tracheophyta,magnoliopsida,[27.0],Endangered,2
Diospyros_malabarica,plantae,tracheophyta,magnoliopsida,"[37.0, 38.0]",Least Concern,31
Diospyros_rostrata,plantae,tracheophyta,magnoliopsida,[38.0],Vulnerable,7
Diospyros_tristis,plantae,tracheophyta,magnoliopsida,[38.0],Endangered,3
Dipterocarpus_costulatus,plantae,tracheophyta,magnoliopsida,[38.0],Near Threatened,19
Dipterocarpus_eurhynchus,plantae,tracheophyta,magnoliopsida,[38.0],Near Threatened,6
Dipterocarpus_validus,plantae,tracheophyta,magnoliopsida,[38.0],Least Concern,22
Dipterocarpus_verrucosus,plantae,tracheophyta,magnoliopsida,[38.0],Near Threatened,31
Doliops_daugavpilsi,animalia,arthropoda,insecta,[38.0],Vulnerable,2
Dombeya_longepedicellata,plantae,tracheophyta,magnoliopsida,[27.0],Critically Endangered,1
Dombeya_rosacea,plantae,tracheophyta,magnoliopsida,[27.0],Critically Endangered,1
Dombeya_sely,plantae,tracheophyta,magnoliopsida,[27.0],Critically Endangered,1
Dombeya_tsiandrensis,plantae,tracheophyta,magnoliopsida,[27.0],Critically Endangered,1
Dracaena_cubensis,plantae,tracheophyta,liliopsida,[8.0],Near Threatened,2
Drimia_congesta,plantae,tracheophyta,liliopsida,"[23.0, 24.0]",Endangered,2
Drymocallis_halacsyana,plantae,tracheophyta,magnoliopsida,[19.0],Endangered,2
Dryobalanops_oblongifolia,plantae,tracheophyta,magnoliopsida,[38.0],Least Concern,23
Duellmanohyla_soralia,animalia,chordata,amphibia,[7.0],Endangered,1
Duttaphrynus_microtympanum,animalia,chordata,amphibia,[37.0],Least Concern,1
Dypsis_oropedionis,plantae,tracheophyta,liliopsida,[27.0],Critically Endangered,1
Echinospartum_barnadesii,plantae,tracheophyta,magnoliopsida,[19.0],Least Concern,3
Elaeocarpus_recurvatus,plantae,tracheophyta,magnoliopsida,[37.0],Endangered,2
Elaeodendron_alluaudianum,plantae,tracheophyta,magnoliopsida,[27.0],Vulnerable,6
Elaeodendron_nipense,plantae,tracheophyta,magnoliopsida,[8.0],Critically Endangered,1
Elaphoglossum_beddomei,plantae,tracheophyta,polypodiopsida,[37.0],Endangered,6
Eleutherodactylus_etheridgei,animalia,chordata,amphibia,[8.0],Vulnerable,3
Eleutherodactylus_maestrensis,animalia,chordata,amphibia,[8.0],Endangered,1
Endroedyolus_paradoxus,animalia,arthropoda,insecta,[26.0],Endangered,1
Ephippiger_provincialis,animalia,arthropoda,insecta,[19.0],Vulnerable,1
Epidendrum_serrulatum,plantae,tracheophyta,liliopsida,[8.0],Vulnerable,6
Eragrostis_raynaliana,plantae,tracheophyta,liliopsida,"[21.0, 22.0]",Endangered,3
Erica_trimera,plantae,tracheophyta,magnoliopsida,"[23.0, 24.0]",Vulnerable,7
Eriocaulon_leucomelas,plantae,tracheophyta,liliopsida,[37.0],Least Concern,11
Erucastrum_elgonense,plantae,tracheophyta,magnoliopsida,[24.0],Vulnerable,1
Erythrina_burttii,plantae,tracheophyta,magnoliopsida,"[23.0, 24.0]",Least Concern,15
Erythrina_melanacantha,plantae,tracheophyta,magnoliopsida,"[23.0, 24.0]",Least Concern,30
Erythrina_pudica,plantae,tracheophyta,magnoliopsida,[7.0],Endangered,2
Erythropitta_ussheri,animalia,chordata,aves,[38.0],Least Concern,6
Erythrostemon_hughesii,plantae,tracheophyta,magnoliopsida,"[6.0, 7.0]",Vulnerable,8
Erythroxylum_bequaertii,plantae,tracheophyta,magnoliopsida,[7.0],Least Concern,11
Erythroxylum_coriaceum,plantae,tracheophyta,magnoliopsida,[8.0],Vulnerable,2
Espadaea_amoena,plantae,tracheophyta,magnoliopsida,[8.0],Least Concern,14
Euastacus_australasiensis,animalia,arthropoda,malacostraca,[41.0],Least Concern,2
Euastacus_simplex,animalia,arthropoda,malacostraca,[41.0],Vulnerable,2
Eucalyptus_kabiana,plantae,tracheophyta,magnoliopsida,[41.0],Endangered,1
Eucalyptus_mcquoidii,plantae,tracheophyta,magnoliopsida,[42.0],Vulnerable,1
Eucalyptus_nutans,plantae,tracheophyta,magnoliopsida,[42.0],Vulnerable,3
Eugenia_canapuensis,plantae,tracheophyta,magnoliopsida,[8.0],Critically Endangered,1
Eugenia_cayoana,plantae,tracheophyta,magnoliopsida,[7.0],Near Threatened,3
Eugenia_choapamensis,plantae,tracheophyta,magnoliopsida,[7.0],Near Threatened,15
Eugenia_cincta,plantae,tracheophyta,magnoliopsida,[8.0],Least Concern,2
Eugenia_grijalvae,plantae,tracheophyta,magnoliopsida,[7.0],Endangered,3
Eugenia_laeteviridis,plantae,tracheophyta,magnoliopsida,[8.0],Vulnerable,5
Eugenia_ligustroides,plantae,tracheophyta,magnoliopsida,[8.0],Endangered,1
Eugenia_lucens,plantae,tracheophyta,magnoliopsida,[8.0],Least Concern,2
Eugenia_nipensis,plantae,tracheophyta,magnoliopsida,[8.0],Vulnerable,2
Eugenia_standleyi,plantae,tracheophyta,magnoliopsida,[7.0],Endangered,3
Eugenia_zelayensis,plantae,tracheophyta,magnoliopsida,[7.0],Critically Endangered,2
Euphorbia_adjurana,plantae,tracheophyta,magnoliopsida,"[23.0, 24.0]",Vulnerable,6
Euphorbia_helenae,plantae,tracheophyta,magnoliopsida,[8.0],Least Concern,3
Euphorbia_letestui,plantae,tracheophyta,magnoliopsida,[22.0],Vulnerable,5
Euphorbia_magnicapsula,plantae,tracheophyta,magnoliopsida,"[23.0, 24.0]",Least Concern,15
Euphorbia_minutula,plantae,tracheophyta,magnoliopsida,[8.0],Least Concern,10
Euphorbia_podocarpifolia,plantae,tracheophyta,magnoliopsida,[8.0],Endangered,2
Eurycnema_goliath,animalia,arthropoda,insecta,"[39.0, 41.0, 42.0]",Least Concern,26
Euryops_elgonensis,plantae,tracheophyta,magnoliopsida,[24.0],Vulnerable,2
Euryops_prostratus,plantae,tracheophyta,magnoliopsida,[23.0],Vulnerable,1
Eutropis_beddomei,animalia,chordata,reptilia,[37.0],Least Concern,36
Evolvulus_bracei,plantae,tracheophyta,magnoliopsida,[8.0],Least Concern,12
Exacum_lawii,plantae,tracheophyta,magnoliopsida,[37.0],Least Concern,18
Exothea_diphylla,plantae,tracheophyta,magnoliopsida,[7.0],Least Concern,15
Extatosoma_tiaratum,animalia,arthropoda,insecta,"[39.0, 41.0, 42.0]",Least Concern,19
Faramea_belizensis,plantae,tracheophyta,magnoliopsida,[7.0],Near Threatened,3
Faramea_schultesii,plantae,tracheophyta,magnoliopsida,[7.0],Vulnerable,5
Ficedula_rufigula,animalia,chordata,aves,[38.0],Near Threatened,9
Filicium_decipiens,plantae,tracheophyta,magnoliopsida,"[5.0, 11.0, 14.0, 23.0, 24.0, 26.0, 27.0, 37.0, 38.0]",Least Concern,52
Frangula_chimalapensis,plantae,tracheophyta,magnoliopsida,[7.0],Endangered,1
Frangula_inconspicua,plantae,tracheophyta,magnoliopsida,[7.0],Endangered,2
Frangula_wendtii,plantae,tracheophyta,magnoliopsida,[7.0],Endangered,2
Furcifer_nicosiai,animalia,chordata,reptilia,[27.0],Endangered,1
Gagnebina_bakoliae,plantae,tracheophyta,magnoliopsida,[27.0],Critically Endangered,1
Galaxias_sp._nov._'Hunter',animalia,chordata,actinopterygii,[41.0],Critically Endangered,2
Galaxias_supremus,animalia,chordata,actinopterygii,[42.0],Critically Endangered,1
Garcinia_ruscifolia,plantae,tracheophyta,magnoliopsida,[8.0],Vulnerable,2
Gastroboletus_citrinobrunneus,fungi,basidiomycota,agaricomycetes,[3.0],Endangered,2
Gastroboletus_ruber,fungi,basidiomycota,agaricomycetes,[3.0],Least Concern,7
Gastroboletus_vividus,fungi,basidiomycota,agaricomycetes,[3.0],Least Concern,10
Gastrolactarius_camphoratus,fungi,basidiomycota,agaricomycetes,[3.0],Endangered,6
Gastropholis_vittata,animalia,chordata,reptilia,[24.0],Least Concern,1
Genista_lucida,plantae,tracheophyta,magnoliopsida,[19.0],Near Threatened,1
Genista_majorica,plantae,tracheophyta,magnoliopsida,[19.0],Least Concern,2
Geocalamus_acutus,animalia,chordata,reptilia,[24.0],Least Concern,3
Geochelone_elegans,animalia,chordata,reptilia,[37.0],Vulnerable,45
Geotrygon_caniceps,animalia,chordata,aves,[8.0],Vulnerable,9
Geum_peckii,plantae,tracheophyta,magnoliopsida,[5.0],Near Threatened,2
Gigantomilax_benjaminus,animalia,mollusca,gastropoda,[19.0],Least Concern,3
Gigasiphon_macrosiphon,plantae,tracheophyta,magnoliopsida,"[24.0, 26.0]",Endangered,5
Gilletiodendron_kisantuense,plantae,tracheophyta,magnoliopsida,"[21.0, 22.0]",Least Concern,14
Ginoria_arborea,plantae,tracheophyta,magnoliopsida,[8.0],Vulnerable,4
Ginoria_curvispina,plantae,tracheophyta,magnoliopsida,[8.0],Least Concern,11
Gladiolus_chevalierianus,plantae,tracheophyta,liliopsida,[21.0],Endangered,2
Gladiolus_negeliensis,plantae,tracheophyta,liliopsida,[23.0],Endangered,1
Gladiopappus_vernonioides,plantae,tracheophyta,magnoliopsida,[27.0],Critically Endangered,2
Gluta_oba,plantae,tracheophyta,magnoliopsida,[38.0],Least Concern,7
Gluta_obovata,plantae,tracheophyta,magnoliopsida,[38.0],Least Concern,6
Gnidia_bambutana,plantae,tracheophyta,magnoliopsida,"[21.0, 22.0]",Endangered,4
Gonystylus_bancanus,plantae,tracheophyta,magnoliopsida,[38.0],Critically Endangered,1
Graffenrieda_gentlei,plantae,tracheophyta,magnoliopsida,[7.0],Endangered,3
Grevillea_acanthifolia,plantae,tracheophyta,magnoliopsida,"[41.0, 42.0]",Least Concern,7
Grevillea_banyabba,plantae,tracheophyta,magnoliopsida,[41.0],Vulnerable,1
Grevillea_brevifolia,plantae,tracheophyta,magnoliopsida,[42.0],Vulnerable,1
Grevillea_buxifolia,plantae,tracheophyta,magnoliopsida,[41.0],Least Concern,2
Grevillea_evansiana,plantae,tracheophyta,magnoliopsida,[41.0],Least Concern,1
Grevillea_hodgei,plantae,tracheophyta,magnoliopsida,[41.0],Endangered,1
Grevillea_scortechinii,plantae,tracheophyta,magnoliopsida,[41.0],Critically Endangered,1
Grewia_filipes,plantae,tracheophyta,magnoliopsida,"[24.0, 26.0]",Endangered,5
Grewia_glandulosa,plantae,tracheophyta,magnoliopsida,"[24.0, 26.0, 27.0]",Least Concern,34
Grewia_holtzii,plantae,tracheophyta,magnoliopsida,"[24.0, 26.0]",Endangered,3
Grewia_leptopus,plantae,tracheophyta,magnoliopsida,"[24.0, 26.0]",Near Threatened,7
Grewia_pulverulenta,plantae,tracheophyta,magnoliopsida,[27.0],Endangered,3
Grewia_triflora,plantae,tracheophyta,magnoliopsida,"[24.0, 26.0, 27.0]",Least Concern,25
Griseargiolestes_bucki,animalia,arthropoda,insecta,[41.0],Vulnerable,1
Guatteria_grandiflora,plantae,tracheophyta,magnoliopsida,[7.0],Vulnerable,7
Guettarda_calyptrata,plantae,tracheophyta,magnoliopsida,[8.0],Least Concern,16
Guettarda_camagueyensis,plantae,tracheophyta,magnoliopsida,[8.0],Endangered,2
Guettarda_crassipes,plantae,tracheophyta,magnoliopsida,[8.0],Least Concern,2
Guettarda_ferruginea,plantae,tracheophyta,magnoliopsida,[8.0],Least Concern,2
Guettarda_macrocarpa,plantae,tracheophyta,magnoliopsida,[8.0],Vulnerable,3
Guettarda_monocarpa,plantae,tracheophyta,magnoliopsida,[8.0],Least Concern,2
Guettarda_quadrifida,plantae,tracheophyta,magnoliopsida,[7.0],Endangered,3
Gymnopilus_punctifolius,fungi,basidiomycota,agaricomycetes,"[1.0, 3.0, 6.0]",Least Concern,168
Gymnosporia_drummondii,plantae,tracheophyta,magnoliopsida,"[24.0, 27.0]",Vulnerable,7
Gynacantha_limbalis,animalia,arthropoda,insecta,[38.0],Near Threatened,6
Gynura_colorata,plantae,tracheophyta,magnoliopsida,[24.0],Endangered,4
Gyrocarpus_angustifolius,plantae,tracheophyta,magnoliopsida,"[23.0, 24.0]",Least Concern,14
Haematoxylum_calakmulense,plantae,tracheophyta,magnoliopsida,[7.0],Vulnerable,8
Hakea_florulenta,plantae,tracheophyta,magnoliopsida,[41.0],Near Threatened,8
Hakea_fraseri,plantae,tracheophyta,magnoliopsida,[41.0],Vulnerable,1
Hakea_macrorrhyncha,plantae,tracheophyta,magnoliopsida,[41.0],Endangered,1
Hakea_ochroptera,plantae,tracheophyta,magnoliopsida,[41.0],Vulnerable,1
Hakea_propinqua,plantae,tracheophyta,magnoliopsida,[41.0],Least Concern,1
Harpalyce_acunae,plantae,tracheophyta,magnoliopsida,[8.0],Critically Endangered,1
Harpalyce_borhidii,plantae,tracheophyta,magnoliopsida,[8.0],Critically Endangered,1
Harpalyce_nipensis,plantae,tracheophyta,magnoliopsida,[8.0],Critically Endangered,1
Harveya_wysockiana,plantae,tracheophyta,magnoliopsida,[24.0],Endangered,1
Hebestigma_cubense,plantae,tracheophyta,magnoliopsida,[8.0],Least Concern,16
Helietta_glaucescens,plantae,tracheophyta,magnoliopsida,[8.0],Vulnerable,5
Heliogomphus_borneensis,animalia,arthropoda,insecta,[38.0],Near Threatened,9
Helix_mileti,animalia,mollusca,gastropoda,[19.0],Least Concern,1
Hemidactylus_scabriceps,animalia,chordata,reptilia,[37.0],Endangered,2
Hemidactylus_yajurvedi,animalia,chordata,reptilia,[37.0],Endangered,1
Hemirhamphodon_kecil,animalia,chordata,actinopterygii,[38.0],Vulnerable,1
Hemirhamphodon_tengah,animalia,chordata,actinopterygii,[38.0],Least Concern,11
Henriettea_punctata,plantae,tracheophyta,magnoliopsida,[8.0],Critically Endangered,1
Heosemys_depressa,animalia,chordata,reptilia,"[37.0, 38.0]",Critically Endangered,3
Heptapleurum_amungwiwae,plantae,tracheophyta,magnoliopsida,[38.0],Vulnerable,1
Heptapleurum_hirsutum,plantae,tracheophyta,magnoliopsida,[38.0],Vulnerable,1
Heptapleurum_ischnoacrum,plantae,tracheophyta,magnoliopsida,[38.0],Least Concern,3
Heptapleurum_ischyrocephalum,plantae,tracheophyta,magnoliopsida,[38.0],Vulnerable,3
Heptapleurum_lasiosphaerum,plantae,tracheophyta,magnoliopsida,[38.0],Vulnerable,1
Heptapleurum_morobeanum,plantae,tracheophyta,magnoliopsida,[38.0],Vulnerable,1
Heptapleurum_oreopolum,plantae,tracheophyta,magnoliopsida,"[38.0, 39.0]",Least Concern,5
Heptapleurum_pachystylum,plantae,tracheophyta,magnoliopsida,[38.0],Near Threatened,2
Heptapleurum_siamense,plantae,tracheophyta,magnoliopsida,"[37.0, 38.0]",Endangered,2
Heptapleurum_thaumasianthum,plantae,tracheophyta,magnoliopsida,"[38.0, 39.0]",Vulnerable,3
Heterophragma_quadriloculare,plantae,tracheophyta,magnoliopsida,[37.0],Least Concern,13
Heterosamara_bennae,plantae,tracheophyta,magnoliopsida,[21.0],Critically Endangered,1
Heterosavia_maculata,plantae,tracheophyta,magnoliopsida,[8.0],Least Concern,8
Hibiscus_ngokbanakii,plantae,tracheophyta,magnoliopsida,[22.0],Endangered,2
Hieronyma_clusioides,plantae,tracheophyta,magnoliopsida,[8.0],Least Concern,4
Hieronyma_nipensis,plantae,tracheophyta,magnoliopsida,[8.0],Least Concern,2
Holothrix_elgonensis,plantae,tracheophyta,liliopsida,[24.0],Endangered,4
Homalium_ovatifolium,plantae,tracheophyta,magnoliopsida,[27.0],Critically Endangered,1
Hopea_canarensis,plantae,tracheophyta,magnoliopsida,[37.0],Endangered,1
Hopea_dryobalanoides,plantae,tracheophyta,magnoliopsida,[38.0],Least Concern,24
Hopea_forbesii,plantae,tracheophyta,magnoliopsida,"[38.0, 39.0]",Near Threatened,5
Hoplocephalus_bungaroides,animalia,chordata,reptilia,[41.0],Vulnerable,1
Hugonia_belli,plantae,tracheophyta,magnoliopsida,[37.0],Vulnerable,3
Hydrocotyle_conferta,plantae,tracheophyta,magnoliopsida,[37.0],Endangered,5
Hydrostachys_maxima,plantae,tracheophyta,magnoliopsida,[27.0],Vulnerable,1
Hydrotriche_galiifolia,plantae,tracheophyta,magnoliopsida,[27.0],Endangered,1
Hygrophorus_caeruleus,fungi,basidiomycota,agaricomycetes,[3.0],Least Concern,16
Hygrophorus_vernalis,fungi,basidiomycota,agaricomycetes,[3.0],Vulnerable,14
Hylaeus_digitatus,animalia,arthropoda,insecta,[41.0],Near Threatened,2
Hylarana_cubitalis,animalia,chordata,amphibia,"[35.0, 37.0, 38.0]",Least Concern,31
Hymenaea_torrei,plantae,tracheophyta,magnoliopsida,[8.0],Endangered,4
Hyperolius_howelli,animalia,chordata,amphibia,[24.0],Least Concern,3
Hyperolius_nasicus,animalia,chordata,amphibia,"[22.0, 24.0, 25.0, 26.0]",Least Concern,54
Hypnophila_bisacchii,animalia,mollusca,gastropoda,[19.0],Near Threatened,1
Hypnophila_girottii,animalia,mollusca,gastropoda,[19.0],Vulnerable,1
Hypseleotris_sp._nov._'bald',animalia,chordata,actinopterygii,[41.0],Critically Endangered,1
Hypsipetes_rufigularis,animalia,chordata,aves,[38.0],Near Threatened,1
Iberellus_balearicus,animalia,mollusca,gastropoda,[19.0],Least Concern,1
Ilex_gundlachiana,plantae,tracheophyta,magnoliopsida,[8.0],Least Concern,2
Immersaria_fuliginosa,fungi,ascomycota,lecanoromycetes,[15.0],Vulnerable,2
Impatiens_digitata,plantae,tracheophyta,magnoliopsida,[24.0],Endangered,5
Impatiens_pinganoensis,plantae,tracheophyta,magnoliopsida,[22.0],Endangered,1
Incilius_campbelli,animalia,chordata,amphibia,[7.0],Least Concern,1
Incilius_leucomyos,animalia,chordata,amphibia,[7.0],Near Threatened,1
Indigofera_burttii,plantae,tracheophyta,magnoliopsida,[24.0],Vulnerable,6
Indigofera_hofmanniana,plantae,tracheophyta,magnoliopsida,"[25.0, 26.0]",Least Concern,7
Indostomus_crocodilus,animalia,chordata,actinopterygii,[38.0],Vulnerable,1
Inga_chiapensis,plantae,tracheophyta,magnoliopsida,[7.0],Endangered,1
Inga_ismaelis,plantae,tracheophyta,magnoliopsida,[7.0],Endangered,2
Inga_jaunechensis,plantae,tracheophyta,magnoliopsida,[9.0],Vulnerable,4
Inga_lactifera,plantae,tracheophyta,magnoliopsida,[7.0],Endangered,6
Inga_sinacae,plantae,tracheophyta,magnoliopsida,[7.0],Endangered,5
Iphigenia_stellata,plantae,tracheophyta,liliopsida,[37.0],Endangered,6
Ipomoea_macrosepala,plantae,tracheophyta,magnoliopsida,[24.0],Vulnerable,6
Ischnocnema_penaxavantinho,animalia,chordata,amphibia,[11.0],Least Concern,1
Isolepis_graminoides,plantae,tracheophyta,liliopsida,[24.0],Least Concern,2
Isopogon_anethifolius,plantae,tracheophyta,magnoliopsida,[41.0],Least Concern,2
Ixalotriton_parvus,animalia,chordata,amphibia,[7.0],Critically Endangered,1
Ixora_agasthyamalayana,plantae,tracheophyta,magnoliopsida,[37.0],Vulnerable,1
Jacaranda_arborea,plantae,tracheophyta,magnoliopsida,[8.0],Least Concern,3
Jarandersonia_pereirae,plantae,tracheophyta,magnoliopsida,[38.0],Vulnerable,1
Jupunba_nipensis,plantae,tracheophyta,magnoliopsida,[8.0],Least Concern,2
Kaestlea_bilineata,animalia,chordata,reptilia,[37.0],Least Concern,1
Kaestlea_laterimaculata,animalia,chordata,reptilia,[37.0],Vulnerable,3
Kailarsenia_campanula,plantae,tracheophyta,magnoliopsida,[38.0],Vulnerable,4
Keetia_davidii,plantae,tracheophyta,magnoliopsida,[24.0],Endangered,2
Kinosternon_creaseri,animalia,chordata,reptilia,[7.0],Near Threatened,11
Kosciuscola_tristis,animalia,arthropoda,insecta,[42.0],Endangered,1
Kotschya_carsonii,plantae,tracheophyta,magnoliopsida,"[21.0, 22.0, 24.0, 25.0, 26.0]",Least Concern,33
Kurixalus_absconditus,animalia,chordata,amphibia,[38.0],Endangered,2
Labeo_mesops,animalia,chordata,actinopterygii,[26.0],Critically Endangered,2
Lactarius_crassus,fungi,basidiomycota,agaricomycetes,[3.0],Least Concern,11
Lactarius_paulus,fungi,basidiomycota,agaricomycetes,[3.0],Vulnerable,2
Lactarius_rubriviridis,fungi,basidiomycota,agaricomycetes,[3.0],Vulnerable,1
Lactuca_ugandensis,plantae,tracheophyta,magnoliopsida,"[21.0, 23.0, 24.0]",Vulnerable,6
Lagetta_valenzuelana,plantae,tracheophyta,magnoliopsida,[8.0],Vulnerable,4
Lamanonia_brasiliensis,plantae,tracheophyta,magnoliopsida,[11.0],Endangered,3
Laniarius_mufumbiri,animalia,chordata,aves,"[23.0, 24.0]",Near Threatened,11
Lasiodiscus_pervillei,plantae,tracheophyta,magnoliopsida,"[24.0, 26.0, 27.0]",Least Concern,19
Lathraeocarpa_decaryi,plantae,tracheophyta,magnoliopsida,[27.0],Endangered,3
Ledermanniella_monandra,plantae,tracheophyta,magnoliopsida,[22.0],Critically Endangered,1
Lepisanthes_chrysotricha,plantae,tracheophyta,magnoliopsida,[27.0],Endangered,2
Leptobrachium_ailaonicum,animalia,chordata,amphibia,[35.0],Least Concern,1
Leptopelis_parkeri,animalia,chordata,amphibia,[24.0],Endangered,5
Leptospermum_parviflorum,plantae,tracheophyta,magnoliopsida,[38.0],Least Concern,4
Lestes_praevius,animalia,arthropoda,insecta,[38.0],Vulnerable,3
Liatongus_arrowi,animalia,arthropoda,insecta,[24.0],Least Concern,31
Licaria_cubensis,plantae,tracheophyta,magnoliopsida,[8.0],Vulnerable,4
Limnonectes_paramacrodon,animalia,chordata,amphibia,[38.0],Least Concern,14
Liparis_saundersiana,plantae,tracheophyta,liliopsida,[8.0],Vulnerable,7
Liparis_viridipurpurea,plantae,tracheophyta,liliopsida,[8.0],Vulnerable,7
Lithobates_bwana,animalia,chordata,amphibia,[9.0],Least Concern,6
Lithobates_onca,animalia,chordata,amphibia,[3.0],Endangered,1
Lithocarpus_rufus,plantae,tracheophyta,magnoliopsida,[38.0],Critically Endangered,1
Litoria_balatus,animalia,chordata,amphibia,[41.0],Least Concern,3
Litoria_barringtonensis,animalia,chordata,amphibia,[41.0],Least Concern,3
Litoria_booroolongensis,animalia,chordata,amphibia,"[41.0, 42.0]",Endangered,11
Litoria_brevipalmata,animalia,chordata,amphibia,[41.0],Least Concern,8
Litoria_chloris,animalia,chordata,amphibia,[41.0],Least Concern,10
Litoria_daviesae,animalia,chordata,amphibia,[41.0],Vulnerable,1
Litoria_dentata,animalia,chordata,amphibia,[41.0],Least Concern,7
Litoria_freycineti,animalia,chordata,amphibia,[41.0],Least Concern,11
Litoria_kroombitensis,animalia,chordata,amphibia,[41.0],Critically Endangered,1
Litoria_littlejohni,animalia,chordata,amphibia,[41.0],Endangered,1
Litoria_phyllochroa,animalia,chordata,amphibia,[41.0],Least Concern,6
Litoria_revelata,animalia,chordata,amphibia,[41.0],Least Concern,6
Litoria_subglandulosa,animalia,chordata,amphibia,[41.0],Vulnerable,1
Lobelia_lingulata,plantae,tracheophyta,magnoliopsida,[27.0],Endangered,1
Locustella_seebohmi,animalia,chordata,aves,[38.0],Least Concern,1
Lonchocarpus_isthmensis,plantae,tracheophyta,magnoliopsida,[7.0],Vulnerable,6
Lonchocarpus_molinae,plantae,tracheophyta,magnoliopsida,[7.0],Least Concern,6
Loudetia_furtiva,plantae,tracheophyta,liliopsida,[22.0],Vulnerable,7
Lunania_subcoriacea,plantae,tracheophyta,magnoliopsida,[8.0],Vulnerable,2
Lycodon_nympha,animalia,chordata,reptilia,[37.0],Least Concern,35
Machaerium_mucronulatum,plantae,tracheophyta,magnoliopsida,[11.0],Endangered,2
Macquaria_sp._nov._'Hawkesbury',animalia,chordata,actinopterygii,[41.0],Vulnerable,2
Macronyx_grimwoodi,animalia,chordata,aves,"[22.0, 25.0, 26.0]",Least Concern,55
Madagascarchaea_namoroka,animalia,arthropoda,arachnida,[27.0],Endangered,1
Madascincus_igneocaudatus,animalia,chordata,reptilia,[27.0],Least Concern,3
Madhuca_orientalis,plantae,tracheophyta,magnoliopsida,[38.0],Vulnerable,4
Maesa_brevipedicellata,plantae,tracheophyta,magnoliopsida,[38.0],Least Concern,5
Malacochersus_tornieri,animalia,chordata,reptilia,[24.0],Critically Endangered,4
Mammea_usambarensis,plantae,tracheophyta,magnoliopsida,[24.0],Endangered,2
Manilkara_mayarensis,plantae,tracheophyta,magnoliopsida,[8.0],Least Concern,3
Maniola_chia,animalia,arthropoda,insecta,[19.0],Vulnerable,2
Martensianthus_macdougallii,plantae,tracheophyta,magnoliopsida,[7.0],Endangered,1
Matthewsius_illawarrensis,animalia,arthropoda,insecta,"[41.0, 42.0]",Endangered,4
Matthewsius_rossi,animalia,arthropoda,insecta,[41.0],Critically Endangered,1
Meliosma_oppositifolia,plantae,tracheophyta,magnoliopsida,[8.0],Vulnerable,6
Memecylon_rovumense,plantae,tracheophyta,magnoliopsida,"[24.0, 26.0]",Endangered,3
Memecylon_torrei,plantae,tracheophyta,magnoliopsida,[26.0],Endangered,3
Memecylon_uapacoides,plantae,tracheophyta,magnoliopsida,[27.0],Critically Endangered,1
Mentocrex_beankaensis,animalia,chordata,aves,[27.0],Vulnerable,1
Menura_alberti,animalia,chordata,aves,[41.0],Least Concern,4
Mesanthemum_auratum,plantae,tracheophyta,liliopsida,[21.0],Near Threatened,5
Mesanthemum_bennae,plantae,tracheophyta,liliopsida,[21.0],Endangered,1
Metaphya_micans,animalia,arthropoda,insecta,[38.0],Endangered,2
Metisella_syrinx,animalia,arthropoda,insecta,[26.0],Vulnerable,1
Miconia_discolorata,plantae,tracheophyta,magnoliopsida,[8.0],Endangered,2
Microhierax_latifrons,animalia,chordata,aves,[38.0],Near Threatened,6
Mixophyes_balbus,animalia,chordata,amphibia,"[41.0, 42.0]",Vulnerable,6
Mixophyes_fleayi,animalia,chordata,amphibia,[41.0],Endangered,1
Mixophyes_iteratus,animalia,chordata,amphibia,[41.0],Vulnerable,4
Monanthotaxis_suffruticosa,plantae,tracheophyta,magnoliopsida,"[24.0, 26.0]",Vulnerable,4
Montatheris_hindii,animalia,chordata,reptilia,[24.0],Near Threatened,2
Montecincla_jerdoni,animalia,chordata,aves,[37.0],Endangered,2
Monteverdia_chiapensis,plantae,tracheophyta,magnoliopsida,[7.0],Vulnerable,8
Mopanveldophis_zebrinus,animalia,chordata,reptilia,[25.0],Least Concern,5
Moraea_niassensis,plantae,tracheophyta,liliopsida,[26.0],Vulnerable,1
Morella_punctata,plantae,tracheophyta,magnoliopsida,[8.0],Least Concern,8
Morella_shaferi,plantae,tracheophyta,magnoliopsida,[8.0],Least Concern,2
Moringa_longituba,plantae,tracheophyta,magnoliopsida,"[23.0, 24.0]",Least Concern,13
Mortonagrion_arthuri,animalia,arthropoda,insecta,[38.0],Near Threatened,8
Mosiera_cabanasensis,plantae,tracheophyta,magnoliopsida,[8.0],Vulnerable,5
Mosiera_moana,plantae,tracheophyta,magnoliopsida,[8.0],Vulnerable,2
Mosiera_munizii,plantae,tracheophyta,magnoliopsida,[8.0],Endangered,2
Mouriri_emarginata,plantae,tracheophyta,magnoliopsida,[8.0],Endangered,11
Mucuna_hooglandii,plantae,tracheophyta,magnoliopsida,"[38.0, 39.0]",Endangered,3
Mycena_overholtsii,fungi,basidiomycota,agaricomycetes,"[1.0, 2.0, 3.0, 4.0, 6.0]",Least Concern,268
Mycena_quiniaultensis,fungi,basidiomycota,agaricomycetes,[3.0],Least Concern,24
Mycolevis_sicciglebus,fungi,basidiomycota,agaricomycetes,"[3.0, 6.0]",Least Concern,80
Myrcia_adunca,plantae,tracheophyta,magnoliopsida,[8.0],Critically Endangered,2
Myrcia_petricola,plantae,tracheophyta,magnoliopsida,[8.0],Vulnerable,2
Myrcia_pineticola,plantae,tracheophyta,magnoliopsida,[8.0],Critically Endangered,1
Myrcia_polyneura,plantae,tracheophyta,magnoliopsida,[8.0],Critically Endangered,1
Nebulasilvius_insularis,animalia,arthropoda,insecta,[26.0],Critically Endangered,1
Nebulasilvius_johani,animalia,arthropoda,insecta,[26.0],Vulnerable,1
Nemacheilus_tebo,animalia,chordata,actinopterygii,[38.0],Vulnerable,1
Neolentiporus_squamosellus,fungi,basidiomycota,agaricomycetes,[19.0],Endangered,3
Neostapfiella_chloridiantha,plantae,tracheophyta,liliopsida,[27.0],Endangered,3
Nepenthes_campanulata,plantae,tracheophyta,magnoliopsida,[38.0],Vulnerable,1
Nesogordonia_micrantha,plantae,tracheophyta,magnoliopsida,[27.0],Endangered,2
Nesphostylis_bracteata,plantae,tracheophyta,magnoliopsida,[37.0],Critically Endangered,3
Noronhia_gautieri,plantae,tracheophyta,magnoliopsida,[27.0],Endangered,3
Notamacropus_parma,animalia,chordata,mammalia,[41.0],Vulnerable,8
Nothodissotis_barteri,plantae,tracheophyta,magnoliopsida,"[21.0, 22.0]",Vulnerable,6
Nototriton_brodiei,animalia,chordata,amphibia,[7.0],Endangered,1
Nototriton_mime,animalia,chordata,amphibia,[7.0],Critically Endangered,1
Nototriton_oreadorum,animalia,chordata,amphibia,[7.0],Critically Endangered,1
Nycticebus_hilleri,animalia,chordata,mammalia,[38.0],Endangered,5
Ocotea_bucheri,plantae,tracheophyta,magnoliopsida,[8.0],Vulnerable,2
Ocotea_parvula,plantae,tracheophyta,magnoliopsida,[7.0],Endangered,6
Ocotea_tonii,plantae,tracheophyta,magnoliopsida,[7.0],Endangered,5
Ocotea_trinidadensis,plantae,tracheophyta,magnoliopsida,"[10.0, 23.0]",Endangered,2
Octoknema_orientalis,plantae,tracheophyta,magnoliopsida,[24.0],Near Threatened,4
Oedipina_petiola,animalia,chordata,amphibia,[7.0],Critically Endangered,1
Oedipina_salvadorensis,animalia,chordata,amphibia,[7.0],Endangered,1
Oedipina_tomasi,animalia,chordata,amphibia,[7.0],Critically Endangered,1
Omphalocarpum_strombocarpum,plantae,tracheophyta,magnoliopsida,[24.0],Endangered,3
Onchestus_gorgus,animalia,arthropoda,insecta,[41.0],Least Concern,5
Onychorhynchus_occidentalis,animalia,chordata,aves,[9.0],Near Threatened,5
Opilo_orocastaneus,animalia,arthropoda,insecta,[19.0],Endangered,2
Orachrysops_ariadne,animalia,arthropoda,insecta,[26.0],Endangered,2
Osteospermum_nyikense,plantae,tracheophyta,magnoliopsida,[26.0],Vulnerable,1
Oxyanthus_doucetii,plantae,tracheophyta,magnoliopsida,"[21.0, 22.0]",Vulnerable,5
Oxychilus_lentiformis,animalia,mollusca,gastropoda,[19.0],Least Concern,1
Oxychilus_maceanus,animalia,mollusca,gastropoda,[19.0],Least Concern,1
Palicourea_chlorobotrya,plantae,tracheophyta,magnoliopsida,[7.0],Near Threatened,6
Palicourea_juarezana,plantae,tracheophyta,magnoliopsida,[7.0],Vulnerable,3
Palicourea_sousae,plantae,tracheophyta,magnoliopsida,[7.0],Endangered,3
Pancratium_centrale,plantae,tracheophyta,liliopsida,"[22.0, 23.0]",Vulnerable,5
Pandanus_grallatus,plantae,tracheophyta,liliopsida,[27.0],Endangered,2
Pandanus_perrieri,plantae,tracheophyta,liliopsida,[27.0],Endangered,2
Pandanus_tsingycola,plantae,tracheophyta,liliopsida,[27.0],Endangered,2
Panicum_acrotrichum,plantae,tracheophyta,liliopsida,"[21.0, 22.0]",Vulnerable,9
Parasenegalia_lundellii,plantae,tracheophyta,magnoliopsida,[7.0],Endangered,1
Parashorea_tomentella,plantae,tracheophyta,magnoliopsida,[38.0],Least Concern,4
Parmentiera_trunciflora,plantae,tracheophyta,magnoliopsida,[7.0],Endangered,2
Paroedura_tanjaka,animalia,chordata,reptilia,[27.0],Endangered,2
Parvuhowdenius_harrisoni,animalia,arthropoda,insecta,[26.0],Critically Endangered,1
Pavetta_bilineata,plantae,tracheophyta,magnoliopsida,[23.0],Critically Endangered,1
Pavetta_crassicaulis,plantae,tracheophyta,magnoliopsida,[37.0],Least Concern,13
Pavonia_urens,plantae,tracheophyta,magnoliopsida,"[21.0, 22.0, 23.0, 24.0, 26.0, 27.0]",Least Concern,63
Pearsonia_madagascariensis,plantae,tracheophyta,magnoliopsida,[27.0],Endangered,2
Pedicularis_flexosoides,plantae,tracheophyta,magnoliopsida,[34.0],Near Threatened,1
Pentas_purseglovei,plantae,tracheophyta,magnoliopsida,[23.0],Endangered,2
Pentopetia_intermedia,plantae,tracheophyta,magnoliopsida,[27.0],Endangered,1
Pera_orientensis,plantae,tracheophyta,magnoliopsida,[8.0],Vulnerable,2
Pera_polylepis,plantae,tracheophyta,magnoliopsida,[8.0],Vulnerable,2
Persea_obscura,plantae,tracheophyta,magnoliopsida,[7.0],Endangered,1
Persoonia_acerosa,plantae,tracheophyta,magnoliopsida,[41.0],Critically Endangered,1
Persoonia_chamaepitys,plantae,tracheophyta,magnoliopsida,[41.0],Vulnerable,1
Persoonia_hirsuta,plantae,tracheophyta,magnoliopsida,[41.0],Endangered,1
Persoonia_iogyna,plantae,tracheophyta,magnoliopsida,[41.0],Near Threatened,1
Persoonia_katerae,plantae,tracheophyta,magnoliopsida,[41.0],Endangered,1
Persoonia_marginata,plantae,tracheophyta,magnoliopsida,[41.0],Endangered,1
Persoonia_media,plantae,tracheophyta,magnoliopsida,[41.0],Least Concern,4
Persoonia_mollis,plantae,tracheophyta,magnoliopsida,[41.0],Least Concern,2
Persoonia_nutans,plantae,tracheophyta,magnoliopsida,[41.0],Endangered,1
Persoonia_pauciflora,plantae,tracheophyta,magnoliopsida,[41.0],Critically Endangered,1
Persoonia_procumbens,plantae,tracheophyta,magnoliopsida,[41.0],Near Threatened,1
Persoonia_virgata,plantae,tracheophyta,magnoliopsida,[41.0],Least Concern,4
Phaenandrogomphus_safei,animalia,arthropoda,insecta,[38.0],Vulnerable,2
Phaeocollybia_benzokauffmanii,fungi,basidiomycota,agaricomycetes,[3.0],Vulnerable,18
Phaeocollybia_californica,fungi,basidiomycota,agaricomycetes,[3.0],Vulnerable,13
Phaeocollybia_fallax,fungi,basidiomycota,agaricomycetes,[3.0],Least Concern,35
Phaeocollybia_olivacea,fungi,basidiomycota,agaricomycetes,[3.0],Least Concern,27
Phaeocollybia_pseudofestiva,fungi,basidiomycota,agaricomycetes,"[1.0, 3.0]",Vulnerable,27
Phaeocollybia_scatesiae,fungi,basidiomycota,agaricomycetes,[3.0],Vulnerable,18
Phanera_williamsii,plantae,tracheophyta,magnoliopsida,"[38.0, 39.0]",Least Concern,6
Phialanthus_acunae,plantae,tracheophyta,magnoliopsida,[8.0],Endangered,2
Phialanthus_ellipticus,plantae,tracheophyta,magnoliopsida,[8.0],Endangered,1
Phialanthus_oblongatus,plantae,tracheophyta,magnoliopsida,[8.0],Vulnerable,3
Phialanthus_resinifluus,plantae,tracheophyta,magnoliopsida,[8.0],Vulnerable,6
Philoria_kundagungan,animalia,chordata,amphibia,[41.0],Endangered,1
Philoria_pughi,animalia,chordata,amphibia,[41.0],Endangered,1
Philoria_richmondensis,animalia,chordata,amphibia,[41.0],Endangered,1
Philoria_sphagnicola,animalia,chordata,amphibia,[41.0],Vulnerable,1
Phlebotaenia_cuneata,plantae,tracheophyta,magnoliopsida,[8.0],Least Concern,15
Pholiota_nubigena,fungi,basidiomycota,agaricomycetes,[3.0],Vulnerable,28
Phyllanthus_caligatus,plantae,tracheophyta,magnoliopsida,"[21.0, 22.0]",Endangered,2
Phyllanthus_dewildiorum,plantae,tracheophyta,magnoliopsida,[23.0],Endangered,3
Pimenta_oligantha,plantae,tracheophyta,magnoliopsida,[8.0],Endangered,2
Pisonia_ekmanii,plantae,tracheophyta,magnoliopsida,[8.0],Critically Endangered,1
Pithecellobium_johansenii,plantae,tracheophyta,magnoliopsida,[7.0],Near Threatened,9
Placodiscus_angustifolius,plantae,tracheophyta,magnoliopsida,"[21.0, 22.0]",Vulnerable,9
Placodiscus_pedicellatus,plantae,tracheophyta,magnoliopsida,[24.0],Endangered,1
Plecotus_sardus,animalia,chordata,mammalia,[19.0],Critically Endangered,1
Plectrohyla_dasypus,animalia,chordata,amphibia,[7.0],Critically Endangered,1
Plectrohyla_exquisita,animalia,chordata,amphibia,[7.0],Critically Endangered,1
Plethodon_asupak,animalia,chordata,amphibia,[3.0],Endangered,1
Plethodon_elongatus,animalia,chordata,amphibia,[3.0],Least Concern,2
Plethodon_idahoensis,animalia,chordata,amphibia,[3.0],Least Concern,10
Plethodon_stormi,animalia,chordata,amphibia,[3.0],Endangered,1
Plethodon_welleri,animalia,chordata,amphibia,[5.0],Vulnerable,1
Plinia_baracoensis,plantae,tracheophyta,magnoliopsida,[8.0],Least Concern,2
Plinia_punctata,plantae,tracheophyta,magnoliopsida,[8.0],Vulnerable,2
Poa_chokensis,plantae,tracheophyta,liliopsida,"[23.0, 24.0]",Endangered,3
Podacanthus_wilkinsoni,animalia,arthropoda,insecta,[41.0],Least Concern,13
Podolestes_buwaldai,animalia,arthropoda,insecta,[38.0],Near Threatened,7
Polyozellus_marymargaretae,fungi,basidiomycota,agaricomycetes,[3.0],Vulnerable,9
Ponentina_platylasia,animalia,mollusca,gastropoda,[19.0],Least Concern,1
Pongo_abelii,animalia,chordata,mammalia,[38.0],Critically Endangered,2
Pongo_pygmaeus,animalia,chordata,mammalia,[38.0],Critically Endangered,22
Pouteria_micrantha,plantae,tracheophyta,magnoliopsida,[8.0],Critically Endangered,1
Premna_hans-joachimii,plantae,tracheophyta,magnoliopsida,[26.0],Vulnerable,3
Premna_madagascariensis,plantae,tracheophyta,magnoliopsida,[27.0],Critically Endangered,3
Premna_richardsiae,plantae,tracheophyta,magnoliopsida,[24.0],Vulnerable,6
Prionops_poliolophus,animalia,chordata,aves,"[24.0, 26.0]",Least Concern,5
Pristimantis_adnus,animalia,chordata,amphibia,[9.0],Near Threatened,2
Pristimantis_pirrensis,animalia,chordata,amphibia,[9.0],Near Threatened,1
Probreviceps_macrodactylus,animalia,chordata,amphibia,[24.0],Endangered,4
Prosymna_semifasciata,animalia,chordata,reptilia,[24.0],Endangered,1
Protea_subvestita,plantae,tracheophyta,magnoliopsida,[26.0],Least Concern,6
Protea_welwitschii,plantae,tracheophyta,magnoliopsida,"[22.0, 24.0, 25.0, 26.0]",Least Concern,156
Prunus_africana,plantae,tracheophyta,magnoliopsida,"[21.0, 22.0, 23.0, 24.0, 25.0, 26.0, 27.0]",Vulnerable,118
Psammophilus_blanfordanus,animalia,chordata,reptilia,[37.0],Least Concern,80
Psammophis_ansorgii,animalia,chordata,reptilia,[25.0],Least Concern,3
Psammophylax_ocellatus,animalia,chordata,reptilia,[25.0],Least Concern,1
Pseudagrostistachys_ugandensis,plantae,tracheophyta,magnoliopsida,"[21.0, 22.0, 24.0]",Near Threatened,14
Pseudochelidon_eurystomina,animalia,chordata,aves,[22.0],Least Concern,48
Pseudomys_oralis,animalia,chordata,mammalia,[41.0],Vulnerable,2
Pseudophilotes_barbagiae,animalia,arthropoda,insecta,[19.0],Endangered,1
Pseudophryne_australis,animalia,chordata,amphibia,[41.0],Near Threatened,2
Pseudophryne_corroboree,animalia,chordata,amphibia,[42.0],Critically Endangered,1
Pseudoprosopis_fischeri,plantae,tracheophyta,magnoliopsida,"[24.0, 26.0]",Near Threatened,8
Pseudosamanea_cubana,plantae,tracheophyta,magnoliopsida,[8.0],Vulnerable,6
Pseuduvaria_obliqua,plantae,tracheophyta,magnoliopsida,[38.0],Endangered,4
Psidium_parvifolium,plantae,tracheophyta,magnoliopsida,[8.0],Least Concern,8
Psidium_reversum,plantae,tracheophyta,magnoliopsida,[8.0],Vulnerable,2
Psychotria_castaneifolia,plantae,tracheophyta,magnoliopsida,[24.0],Endangered,2
Psychotria_cryptogrammata,plantae,tracheophyta,magnoliopsida,[24.0],Least Concern,9
Psychotria_diploneura,plantae,tracheophyta,magnoliopsida,[24.0],Endangered,2
Psychotria_faucicola,plantae,tracheophyta,magnoliopsida,"[24.0, 26.0]",Least Concern,11
Psychotria_goetzei,plantae,tracheophyta,magnoliopsida,[24.0],Least Concern,13
Psychotria_griseola,plantae,tracheophyta,magnoliopsida,[24.0],Near Threatened,5
Psychotria_holtzii,plantae,tracheophyta,magnoliopsida,[24.0],Least Concern,9
Psychotria_lovettii,plantae,tracheophyta,magnoliopsida,[24.0],Endangered,1
Psychotria_petiginosa,plantae,tracheophyta,magnoliopsida,[24.0],Vulnerable,5
Psychotria_pocsii,plantae,tracheophyta,magnoliopsida,[24.0],Endangered,2
Psychotria_porphyroclada,plantae,tracheophyta,magnoliopsida,[24.0],Vulnerable,1
Psychotria_taitensis,plantae,tracheophyta,magnoliopsida,[24.0],Endangered,1
Psychotria_tenuipetiolata,plantae,tracheophyta,magnoliopsida,[24.0],Endangered,2
Psychotria_verdcourtii,plantae,tracheophyta,magnoliopsida,[24.0],Endangered,2
Psychotria_vololoniaina,plantae,tracheophyta,magnoliopsida,[27.0],Endangered,2
Psychotria_yaoundensis,plantae,tracheophyta,magnoliopsida,[22.0],Critically Endangered,1
Psydrax_suborbicularis,plantae,tracheophyta,magnoliopsida,[38.0],Endangered,2
Pternistis_swierstrai,animalia,chordata,aves,[25.0],Vulnerable,1
Pterophylla_bernardii,plantae,tracheophyta,magnoliopsida,[27.0],Endangered,2
Pterophylla_venusta,plantae,tracheophyta,magnoliopsida,[27.0],Endangered,3
Pterorhachis_zenkeri,plantae,tracheophyta,magnoliopsida,[22.0],Vulnerable,3
Pterotus_obscuripennis,animalia,arthropoda,insecta,"[3.0, 6.0]",Least Concern,19
Pterygota_madagascariensis,plantae,tracheophyta,magnoliopsida,[27.0],Endangered,2
Pycreus_compressiformis,plantae,tracheophyta,liliopsida,[27.0],Endangered,1
Pyrostria_makovui,plantae,tracheophyta,magnoliopsida,[26.0],Endangered,2
Pyxis_arachnoides,animalia,chordata,reptilia,[27.0],Critically Endangered,2
Quararibea_mayanum,plantae,tracheophyta,magnoliopsida,[7.0],Endangered,1
Quercus_kerangasensis,plantae,tracheophyta,magnoliopsida,[38.0],Vulnerable,5
Radermachera_xylocarpa,plantae,tracheophyta,magnoliopsida,[37.0],Least Concern,38
Ramaria_amyloidea,fungi,basidiomycota,agaricomycetes,[3.0],Vulnerable,28
Ramaria_aurantiisiccescens,fungi,basidiomycota,agaricomycetes,[3.0],Least Concern,21
Ramaria_maculatipes,fungi,basidiomycota,agaricomycetes,[3.0],Near Threatened,23
Ramaria_purpurissima,fungi,basidiomycota,agaricomycetes,[3.0],Vulnerable,7
Ramaria_rubripermanens,fungi,basidiomycota,agaricomycetes,"[1.0, 2.0, 3.0, 5.0]",Least Concern,106
Ramaria_thiersii,fungi,basidiomycota,agaricomycetes,[3.0],Near Threatened,15
Rana_boylii,animalia,chordata,amphibia,[3.0],Near Threatened,22
Randia_longiloba,plantae,tracheophyta,magnoliopsida,[7.0],Least Concern,19
Ranunculus_weyleri,plantae,tracheophyta,magnoliopsida,[19.0],Vulnerable,2
Raorchestes_charius,animalia,chordata,amphibia,[37.0],Least Concern,2
Raorchestes_dubois,animalia,chordata,amphibia,[37.0],Vulnerable,2
Raorchestes_signatus,animalia,chordata,amphibia,[37.0],Endangered,1
Raorchestes_tinniens,animalia,chordata,amphibia,[37.0],Endangered,1
Raorchestes_travancoricus,animalia,chordata,amphibia,[37.0],Endangered,2
Rauvolfia_linearifolia,plantae,tracheophyta,magnoliopsida,[8.0],Critically Endangered,2
Recchia_connaroides,plantae,tracheophyta,magnoliopsida,[7.0],Vulnerable,5
Rhamnus_ludovici-salvatoris,plantae,tracheophyta,magnoliopsida,[19.0],Endangered,3
Rhinagrion_elopurae,animalia,arthropoda,insecta,[38.0],Least Concern,5
Rhinella_acrolopha,animalia,chordata,amphibia,[9.0],Endangered,1
Rhinocypha_sanguinolenta,animalia,arthropoda,insecta,[38.0],Near Threatened,2
Rhipidoglossum_ovale,plantae,tracheophyta,liliopsida,[24.0],Vulnerable,4
Rhizanthella_johnstonii,plantae,tracheophyta,liliopsida,[42.0],Critically Endangered,1
Rhizopogon_abietis,fungi,basidiomycota,agaricomycetes,[3.0],Vulnerable,21
Rhizopogon_ellipsosporus,fungi,basidiomycota,agaricomycetes,[3.0],Vulnerable,4
Rhodamnia_novoguineensis,plantae,tracheophyta,magnoliopsida,[38.0],Near Threatened,9
Rhodocolea_telfairiae,plantae,tracheophyta,magnoliopsida,[27.0],Vulnerable,3
Rhopalocarpus_suarezensis,plantae,tracheophyta,magnoliopsida,"[22.0, 27.0]",Vulnerable,3
Rhynchosia_crispa,plantae,tracheophyta,magnoliopsida,[24.0],Endangered,1
Rhynchospora_shaferi,plantae,tracheophyta,liliopsida,[8.0],Endangered,2
Ribes_sardoum,plantae,tracheophyta,magnoliopsida,[19.0],Critically Endangered,1
Rinorea_ilicifolia,plantae,tracheophyta,magnoliopsida,"[21.0, 22.0, 23.0, 24.0, 26.0]",Least Concern,50
Rinorea_squamosa,plantae,tracheophyta,magnoliopsida,"[24.0, 27.0]",Least Concern,25
Robinsonella_mirandae,plantae,tracheophyta,magnoliopsida,[7.0],Endangered,11
Rousettus_spinalatus,animalia,chordata,mammalia,[38.0],Vulnerable,7
Rubroboletus_haematinus,fungi,basidiomycota,agaricomycetes,"[3.0, 6.0]",Least Concern,27
Russula_galbana,fungi,basidiomycota,agaricomycetes,"[39.0, 41.0]",Near Threatened,2
Sabal_yapa,plantae,tracheophyta,liliopsida,"[7.0, 8.0]",Least Concern,18
Salix_tarraconensis,plantae,tracheophyta,magnoliopsida,[19.0],Vulnerable,2
Salix_tracyi,plantae,tracheophyta,magnoliopsida,[3.0],Near Threatened,6
Santolina_oblongifolia,plantae,tracheophyta,magnoliopsida,[19.0],Near Threatened,2
Sapium_adenodon,plantae,tracheophyta,magnoliopsida,[8.0],Least Concern,4
Sarcophanops_steerii,animalia,chordata,aves,[38.0],Vulnerable,9
Sardopoiretia_emanueli,animalia,mollusca,gastropoda,[19.0],Near Threatened,1
Satanocrater_fellatensis,plantae,tracheophyta,magnoliopsida,"[21.0, 23.0]",Vulnerable,3
Schmidtottia_stricta,plantae,tracheophyta,magnoliopsida,[8.0],Critically Endangered,1
Scleria_hildebrandtii,plantae,tracheophyta,liliopsida,"[24.0, 27.0]",Endangered,5
Scleria_sheilae,plantae,tracheophyta,liliopsida,[22.0],Critically Endangered,1
Scleria_tricristata,plantae,tracheophyta,liliopsida,[24.0],Endangered,3
Sclerophrys_brauni,animalia,chordata,amphibia,[24.0],Least Concern,5
Scleroptila_elgonensis,animalia,chordata,aves,[24.0],Least Concern,1
Scolopax_celebensis,animalia,chordata,aves,[38.0],Least Concern,2
Senecio_crispatipilosus,plantae,tracheophyta,magnoliopsida,[24.0],Endangered,3
Senecio_gramineticola,plantae,tracheophyta,magnoliopsida,[24.0],Endangered,4
Sepsina_angolensis,animalia,chordata,reptilia,"[22.0, 25.0]",Least Concern,110
Sericanthe_raynaliorum,plantae,tracheophyta,magnoliopsida,[22.0],Vulnerable,6
Sheppardia_montana,animalia,chordata,aves,[24.0],Endangered,1
Shorea_confusa,plantae,tracheophyta,magnoliopsida,[38.0],Vulnerable,11
Shorea_curtisii,plantae,tracheophyta,magnoliopsida,[38.0],Least Concern,28
Shorea_exelliptica,plantae,tracheophyta,magnoliopsida,[38.0],Near Threatened,18
Shorea_mecistopteryx,plantae,tracheophyta,magnoliopsida,[38.0],Vulnerable,17
Shorea_multiflora,plantae,tracheophyta,magnoliopsida,[38.0],Least Concern,33
Shorea_revoluta,plantae,tracheophyta,magnoliopsida,[38.0],Critically Endangered,2
Shorea_scabrida,plantae,tracheophyta,magnoliopsida,[38.0],Near Threatened,14
Shorea_uliginosa,plantae,tracheophyta,magnoliopsida,[38.0],Endangered,17
Sibynophis_subpunctatus,animalia,chordata,reptilia,[37.0],Least Concern,123
Sideroxylon_ekmanianum,plantae,tracheophyta,magnoliopsida,[8.0],Endangered,3
Sideroxylon_jubilla,plantae,tracheophyta,magnoliopsida,[8.0],Vulnerable,5
Solandra_nizandensis,plantae,tracheophyta,magnoliopsida,"[6.0, 7.0]",Vulnerable,6
Solanum_schliebenii,plantae,tracheophyta,magnoliopsida,[24.0],Endangered,2
Solenandra_curbeloi,plantae,tracheophyta,magnoliopsida,[8.0],Critically Endangered,2
Solenandra_myrtifolia,plantae,tracheophyta,magnoliopsida,[8.0],Least Concern,2
Speleomantes_imperialis,animalia,chordata,amphibia,[19.0],Near Threatened,1
Speleomantes_supramontis,animalia,chordata,amphibia,[19.0],Endangered,1
Spirotecoma_apiculata,plantae,tracheophyta,magnoliopsida,[8.0],Least Concern,2
Spirotecoma_holguinensis,plantae,tracheophyta,magnoliopsida,[8.0],Least Concern,2
Spirotecoma_spiralis,plantae,tracheophyta,magnoliopsida,[8.0],Vulnerable,3
Spongiforma_squarepantsii,fungi,basidiomycota,agaricomycetes,[38.0],Endangered,1
Sporobolus_scitulus,plantae,tracheophyta,liliopsida,"[23.0, 24.0]",Endangered,2
Stemodiopsis_ruandensis,plantae,tracheophyta,magnoliopsida,[24.0],Critically Endangered,1
Stenagostus_sardiniensis,animalia,arthropoda,insecta,[19.0],Endangered,1
Stenostomum_abbreviatum,plantae,tracheophyta,magnoliopsida,[8.0],Endangered,2
Stenostomum_minutifolium,plantae,tracheophyta,magnoliopsida,[8.0],Endangered,1
Stenostomum_mucronatum,plantae,tracheophyta,magnoliopsida,[8.0],Endangered,1
Stenostomum_multinerve,plantae,tracheophyta,magnoliopsida,[8.0],Endangered,2
Stenostomum_nipense,plantae,tracheophyta,magnoliopsida,[8.0],Critically Endangered,1
Stenostomum_ophiticola,plantae,tracheophyta,magnoliopsida,[8.0],Endangered,2
Stenostomum_orbiculare,plantae,tracheophyta,magnoliopsida,[8.0],Critically Endangered,2
Stenostomum_scrobiculatum,plantae,tracheophyta,magnoliopsida,[8.0],Vulnerable,2
Sterculia_cheekii,plantae,tracheophyta,magnoliopsida,[27.0],Endangered,3
Sterculia_mexicana,plantae,tracheophyta,magnoliopsida,[7.0],Vulnerable,9
Sterculia_subviolacea,plantae,tracheophyta,magnoliopsida,"[22.0, 24.0, 25.0, 26.0]",Least Concern,33
Stereospermum_tomentosum,plantae,tracheophyta,magnoliopsida,[27.0],Endangered,1
Stigmochelys_pardalis,animalia,chordata,reptilia,"[22.0, 23.0, 24.0, 25.0, 26.0]",Least Concern,461
Stumpffia_iharana,animalia,chordata,amphibia,[27.0],Endangered,1
Stumpffia_sorata,animalia,chordata,amphibia,[27.0],Endangered,3
Suillus_brunnescens,fungi,basidiomycota,agaricomycetes,"[1.0, 3.0]",Least Concern,112
Suillus_pseudobrevipes,fungi,basidiomycota,agaricomycetes,"[1.0, 3.0, 4.0]",Least Concern,183
Suillus_suilloides,fungi,basidiomycota,agaricomycetes,[3.0],Vulnerable,5
Sundacypha_striata,animalia,arthropoda,insecta,[38.0],Vulnerable,1
Swartzia_mexicana,plantae,tracheophyta,magnoliopsida,[7.0],Vulnerable,3
Swertia_uniflora,plantae,tracheophyta,magnoliopsida,[24.0],Endangered,1
Swynnertonia_swynnertoni,animalia,chordata,aves,"[24.0, 26.0]",Near Threatened,9
Symplocos_ciponimoides,plantae,tracheophyta,magnoliopsida,[8.0],Endangered,2
Syzygium_rama-varmae,plantae,tracheophyta,magnoliopsida,[37.0],Endangered,4
Syzygium_sasidharanii,plantae,tracheophyta,magnoliopsida,[37.0],Critically Endangered,1
Tabebuia_bibracteolata,plantae,tracheophyta,magnoliopsida,[8.0],Vulnerable,2
Tabebuia_dubia,plantae,tracheophyta,magnoliopsida,[8.0],Least Concern,3
Tabebuia_inaequipes,plantae,tracheophyta,magnoliopsida,[8.0],Endangered,1
Tabebuia_linearis,plantae,tracheophyta,magnoliopsida,[8.0],Vulnerable,2
Tabebuia_moaensis,plantae,tracheophyta,magnoliopsida,[8.0],Least Concern,4
Tabebuia_trachycarpa,plantae,tracheophyta,magnoliopsida,[8.0],Least Concern,16
Tabernaemontana_eusepaloides,plantae,tracheophyta,magnoliopsida,[27.0],Vulnerable,4
Talbotiella_breteleri,plantae,tracheophyta,magnoliopsida,[22.0],Endangered,1
Tambourissa_dorrii,plantae,tracheophyta,magnoliopsida,[27.0],Critically Endangered,1
Tantilla_psittaca,animalia,chordata,reptilia,[7.0],Vulnerable,1
Tantillita_canula,animalia,chordata,reptilia,[7.0],Least Concern,12
Tapura_cubensis,plantae,tracheophyta,magnoliopsida,"[7.0, 8.0]",Least Concern,13
Tapura_orbicularis,plantae,tracheophyta,magnoliopsida,[8.0],Critically Endangered,1
Taudactylus_pleione,animalia,chordata,amphibia,[41.0],Critically Endangered,1
Tectona_hamiltoniana,plantae,tracheophyta,magnoliopsida,"[37.0, 38.0]",Vulnerable,6
Teijsmanniodendron_zainudinii,plantae,tracheophyta,magnoliopsida,[38.0],Vulnerable,2
Telmatobius_atahualpai,animalia,chordata,amphibia,[9.0],Vulnerable,1
Telosticta_berawan,animalia,arthropoda,insecta,[38.0],Vulnerable,2
Telosticta_gading,animalia,arthropoda,insecta,[38.0],Endangered,1
Telosticta_janeus,animalia,arthropoda,insecta,[38.0],Near Threatened,2
Ternstroemia_guineensis,plantae,tracheophyta,magnoliopsida,[21.0],Endangered,1
Tetralix_nipensis,plantae,tracheophyta,magnoliopsida,[8.0],Endangered,1
Thamnosophis_mavotenda,animalia,chordata,reptilia,[27.0],Near Threatened,2
Thiessea_euboeae,animalia,mollusca,gastropoda,[19.0],Endangered,4
Tisonia_leandriana,plantae,tracheophyta,magnoliopsida,[27.0],Endangered,2
Tisonia_rubescens,plantae,tracheophyta,magnoliopsida,[27.0],Endangered,3
Tracheloptychus_madagascariensis,animalia,chordata,reptilia,[27.0],Least Concern,3
Trachycarpus_oreophilus,plantae,tracheophyta,liliopsida,[38.0],Critically Endangered,1
Trachylepis_irregularis,animalia,chordata,reptilia,[24.0],Near Threatened,1
Trachylepis_volamenaloha,animalia,chordata,reptilia,[27.0],Near Threatened,1
Tramuntanicola_culminalis,animalia,mollusca,gastropoda,[19.0],Vulnerable,2
Trichanthecium_tenerium,plantae,tracheophyta,liliopsida,[21.0],Endangered,1
Tricholomopsis_fulvescens,fungi,basidiomycota,agaricomycetes,[3.0],Endangered,8
Trioceros_goetzei,animalia,chordata,reptilia,[24.0],Least Concern,2
Trioceros_hanangensis,animalia,chordata,reptilia,[24.0],Near Threatened,1
Trioceros_kinangopensis,animalia,chordata,reptilia,[24.0],Near Threatened,1
Trioceros_schubotzi,animalia,chordata,reptilia,[24.0],Near Threatened,1
Trisetum_gracile,plantae,tracheophyta,liliopsida,[19.0],Near Threatened,2
Troglodytes_cobbi,animalia,chordata,aves,[15.0],Least Concern,8
Tropicoperdix_charltonii,animalia,chordata,aves,[38.0],Vulnerable,3
Tropidodipsas_fasciata,animalia,chordata,reptilia,"[6.0, 7.0]",Least Concern,16
Tsingya_bemarana,plantae,tracheophyta,magnoliopsida,[27.0],Endangered,2
Tudorella_ferruginea,animalia,mollusca,gastropoda,[19.0],Least Concern,1
Turdus_helleri,animalia,chordata,aves,[24.0],Endangered,1
Turnix_melanogaster,animalia,chordata,aves,[41.0],Vulnerable,9
Tympanocryptis_osbornei,animalia,chordata,reptilia,[42.0],Endangered,1
Uapaca_robynsii,plantae,tracheophyta,magnoliopsida,"[22.0, 24.0, 25.0, 26.0]",Least Concern,14
Uperoleia_mahonyi,animalia,chordata,amphibia,[41.0],Endangered,3
Urera_sansibarica,plantae,tracheophyta,magnoliopsida,"[24.0, 26.0]",Least Concern,11
Uropeltis_bicatenata,animalia,chordata,reptilia,[37.0],Near Threatened,1
Urticicola_suberinus,animalia,mollusca,gastropoda,[19.0],Vulnerable,1
Uvaria_diplocampta,plantae,tracheophyta,magnoliopsida,[27.0],Critically Endangered,1
Vachellia_bucheri,plantae,tracheophyta,magnoliopsida,[8.0],Endangered,2
Vachellia_chiapensis,plantae,tracheophyta,magnoliopsida,[7.0],Near Threatened,12
Vatica_havilandii,plantae,tracheophyta,magnoliopsida,[38.0],Endangered,8
Vepris_allenii,plantae,tracheophyta,magnoliopsida,[26.0],Endangered,2
Vepris_morogorensis,plantae,tracheophyta,magnoliopsida,[24.0],Near Threatened,7
Vepris_uguenensis,plantae,tracheophyta,magnoliopsida,[24.0],Near Threatened,6
Verbesina_hypargyrea,plantae,tracheophyta,magnoliopsida,[7.0],Least Concern,7
Verbesina_sousae,plantae,tracheophyta,magnoliopsida,[7.0],Endangered,2
Vernonia_kawoziensis,plantae,tracheophyta,magnoliopsida,[26.0],Vulnerable,1
Vernonia_leandrii,plantae,tracheophyta,magnoliopsida,[27.0],Endangered,2
Vespadelus_pumilus,animalia,chordata,mammalia,"[39.0, 41.0]",Least Concern,13
Vijayachelys_silvatica,animalia,chordata,reptilia,[37.0],Endangered,2
Viscum_chyuluense,plantae,tracheophyta,magnoliopsida,[24.0],Least Concern,3
Vitex_lowryi,plantae,tracheophyta,magnoliopsida,[27.0],Endangered,3
Vitex_morogoroensis,plantae,tracheophyta,magnoliopsida,[24.0],Endangered,2
Vitrea_gasulli,animalia,mollusca,gastropoda,[19.0],Least Concern,2
Vitrea_schneideri,animalia,mollusca,gastropoda,[19.0],Near Threatened,1
Xanthogramma_aeginae,animalia,arthropoda,insecta,[19.0],Endangered,3
Xanthogramma_pilosum,animalia,arthropoda,insecta,[19.0],Endangered,2
Xenogale_naso,animalia,chordata,mammalia,"[21.0, 22.0, 23.0, 24.0, 26.0]",Least Concern,216
Xenoperdix_udzungwensis,animalia,chordata,aves,[24.0],Endangered,2
Xeroceps_skamania,fungi,basidiomycota,agaricomycetes,[3.0],Vulnerable,1
Xerocomellus_zelleri,fungi,basidiomycota,agaricomycetes,"[1.0, 3.0]",Least Concern,25
Xeroplexa_arrabidensis,animalia,mollusca,gastropoda,[19.0],Least Concern,1
Xeroplexa_belemensis,animalia,mollusca,gastropoda,[19.0],Least Concern,1
Xeroplexa_coudensis,animalia,mollusca,gastropoda,[19.0],Vulnerable,1
Ximenia_roigii,plantae,tracheophyta,magnoliopsida,[8.0],Critically Endangered,3
Xylomelum_pyriforme,plantae,tracheophyta,magnoliopsida,[41.0],Least Concern,6
Xyloolaena_speciosa,plantae,tracheophyta,magnoliopsida,[27.0],Vulnerable,4
Xylopia_odoratissima,plantae,tracheophyta,magnoliopsida,"[25.0, 26.0]",Least Concern,18
Zaluzianskya_elgonensis,plantae,tracheophyta,magnoliopsida,[24.0],Endangered,3
Zonosaurus_bemaraha,animalia,chordata,reptilia,[27.0],Least Concern,1
Zygotritonia_benishangulana,plantae,tracheophyta,liliopsida,[23.0],Endangered,2
