Region,Title,Category,SSP,Value
North America,b. North America (1279),<0,SSP1-2.6,39.0
North America,b. North America (1279),0~25,SSP1-2.6,55.0
North America,b. North America (1279),25~50,SSP1-2.6,6.0
North America,b. North America (1279),50~75,SSP1-2.6,0.0
North America,b. North America (1279),75~100,SSP1-2.6,0.0
North America,b. North America (1279),>100,SSP1-2.6,0.0
North America,b. North America (1279),<0,SSP2-4.5,20.4
North America,b. North America (1279),0~25,SSP2-4.5,43.7
North America,b. North America (1279),25~50,SSP2-4.5,31.7
North America,b. North America (1279),50~75,SSP2-4.5,3.1
North America,b. North America (1279),75~100,SSP2-4.5,0.6
North America,b. North America (1279),>100,SSP2-4.5,0.4
North America,b. North America (1279),<0,SSP3-7.0,15.4
North America,b. North America (1279),0~25,SSP3-7.0,20.8
North America,b. North America (1279),25~50,SSP3-7.0,23.2
North America,b. North America (1279),50~75,SSP3-7.0,20.4
North America,b. North America (1279),75~100,SSP3-7.0,13.8
North America,b. North America (1279),>100,SSP3-7.0,6.3
North America,b. North America (1279),<0,SSP5-8.5,17.7
North America,b. North America (1279),0~25,SSP5-8.5,16.6
North America,b. North America (1279),25~50,SSP5-8.5,20.5
North America,b. North America (1279),50~75,SSP5-8.5,23.8
North America,b. North America (1279),75~100,SSP5-8.5,10.6
North America,b. North America (1279),>100,SSP5-8.5,10.8
South America,c. South America (1440),<0,SSP1-2.6,8.0
South America,c. South America (1440),0~25,SSP1-2.6,49.5
South America,c. South America (1440),25~50,SSP1-2.6,28.4
South America,c. South America (1440),50~75,SSP1-2.6,10.5
South America,c. South America (1440),75~100,SSP1-2.6,2.2
South America,c. South America (1440),>100,SSP1-2.6,1.4
South America,c. South America (1440),<0,SSP2-4.5,3.3
South America,c. South America (1440),0~25,SSP2-4.5,20.6
South America,c. South America (1440),25~50,SSP2-4.5,37.3
South America,c. South America (1440),50~75,SSP2-4.5,16.3
South America,c. South America (1440),75~100,SSP2-4.5,6.9
South America,c. South America (1440),>100,SSP2-4.5,15.6
South America,c. South America (1440),<0,SSP3-7.0,4.4
South America,c. South America (1440),0~25,SSP3-7.0,9.8
South America,c. South America (1440),25~50,SSP3-7.0,20.8
South America,c. South America (1440),50~75,SSP3-7.0,27.1
South America,c. South America (1440),75~100,SSP3-7.0,10.3
South America,c. South America (1440),>100,SSP3-7.0,27.6
South America,c. South America (1440),<0,SSP5-8.5,2.4
South America,c. South America (1440),0~25,SSP5-8.5,8.4
South America,c. South America (1440),25~50,SSP5-8.5,13.3
South America,c. South America (1440),50~75,SSP5-8.5,22.3
South America,c. South America (1440),75~100,SSP5-8.5,15.9
South America,c. South America (1440),>100,SSP5-8.5,37.6
Europe,d. Europe (1057),<0,SSP1-2.6,2.1
Europe,d. Europe (1057),0~25,SSP1-2.6,85.4
Europe,d. Europe (1057),25~50,SSP1-2.6,8.5
Europe,d. Europe (1057),50~75,SSP1-2.6,2.4
Europe,d. Europe (1057),75~100,SSP1-2.6,1.6
Europe,d. Europe (1057),>100,SSP1-2.6,0.0
Europe,d. Europe (1057),<0,SSP2-4.5,3.3
Europe,d. Europe (1057),0~25,SSP2-4.5,49.5
Europe,d. Europe (1057),25~50,SSP2-4.5,26.2
Europe,d. Europe (1057),50~75,SSP2-4.5,10.5
Europe,d. Europe (1057),75~100,SSP2-4.5,9.3
Europe,d. Europe (1057),>100,SSP2-4.5,1.2
Europe,d. Europe (1057),<0,SSP3-7.0,3.5
Europe,d. Europe (1057),0~25,SSP3-7.0,34.0
Europe,d. Europe (1057),25~50,SSP3-7.0,31.1
Europe,d. Europe (1057),50~75,SSP3-7.0,10.1
Europe,d. Europe (1057),75~100,SSP3-7.0,8.1
Europe,d. Europe (1057),>100,SSP3-7.0,13.3
Europe,d. Europe (1057),<0,SSP5-8.5,3.2
Europe,d. Europe (1057),0~25,SSP5-8.5,29.1
Europe,d. Europe (1057),25~50,SSP5-8.5,18.3
Europe,d. Europe (1057),50~75,SSP5-8.5,18.1
Europe,d. Europe (1057),75~100,SSP5-8.5,9.1
Europe,d. Europe (1057),>100,SSP5-8.5,22.2
Africa,e. Africa (2833),<0,SSP1-2.6,36.6
Africa,e. Africa (2833),0~25,SSP1-2.6,60.6
Africa,e. Africa (2833),25~50,SSP1-2.6,2.8
Africa,e. Africa (2833),50~75,SSP1-2.6,0.0
Africa,e. Africa (2833),75~100,SSP1-2.6,0.0
Africa,e. Africa (2833),>100,SSP1-2.6,0.0
Africa,e. Africa (2833),<0,SSP2-4.5,35.5
Africa,e. Africa (2833),0~25,SSP2-4.5,53.8
Africa,e. Africa (2833),25~50,SSP2-4.5,9.5
Africa,e. Africa (2833),50~75,SSP2-4.5,1.1
Africa,e. Africa (2833),75~100,SSP2-4.5,0.0
Africa,e. Africa (2833),>100,SSP2-4.5,0.0
Africa,e. Africa (2833),<0,SSP3-7.0,32.1
Africa,e. Africa (2833),0~25,SSP3-7.0,43.0
Africa,e. Africa (2833),25~50,SSP3-7.0,12.1
Africa,e. Africa (2833),50~75,SSP3-7.0,7.8
Africa,e. Africa (2833),75~100,SSP3-7.0,1.2
Africa,e. Africa (2833),>100,SSP3-7.0,3.8
Africa,e. Africa (2833),<0,SSP5-8.5,41.8
Africa,e. Africa (2833),0~25,SSP5-8.5,41.1
Africa,e. Africa (2833),25~50,SSP5-8.5,8.5
Africa,e. Africa (2833),50~75,SSP5-8.5,6.3
Africa,e. Africa (2833),75~100,SSP5-8.5,1.6
Africa,e. Africa (2833),>100,SSP5-8.5,0.7
Asia,f. Asia (866),<0,SSP1-2.6,20.2
Asia,f. Asia (866),0~25,SSP1-2.6,66.4
Asia,f. Asia (866),25~50,SSP1-2.6,10.3
Asia,f. Asia (866),50~75,SSP1-2.6,2.2
Asia,f. Asia (866),75~100,SSP1-2.6,0.8
Asia,f. Asia (866),>100,SSP1-2.6,0.1
Asia,f. Asia (866),<0,SSP2-4.5,11.6
Asia,f. Asia (866),0~25,SSP2-4.5,64.4
Asia,f. Asia (866),25~50,SSP2-4.5,16.1
Asia,f. Asia (866),50~75,SSP2-4.5,4.6
Asia,f. Asia (866),75~100,SSP2-4.5,1.4
Asia,f. Asia (866),>100,SSP2-4.5,1.8
Asia,f. Asia (866),<0,SSP3-7.0,10.6
Asia,f. Asia (866),0~25,SSP3-7.0,60.6
Asia,f. Asia (866),25~50,SSP3-7.0,13.8
Asia,f. Asia (866),50~75,SSP3-7.0,6.3
Asia,f. Asia (866),75~100,SSP3-7.0,4.8
Asia,f. Asia (866),>100,SSP3-7.0,3.9
Asia,f. Asia (866),<0,SSP5-8.5,8.1
Asia,f. Asia (866),0~25,SSP5-8.5,49.1
Asia,f. Asia (866),25~50,SSP5-8.5,21.0
Asia,f. Asia (866),50~75,SSP5-8.5,8.1
Asia,f. Asia (866),75~100,SSP5-8.5,4.2
Asia,f. Asia (866),>100,SSP5-8.5,9.4
Oceania,g. Oceania (781),<0,SSP1-2.6,22.3
Oceania,g. Oceania (781),0~25,SSP1-2.6,65.0
Oceania,g. Oceania (781),25~50,SSP1-2.6,6.8
Oceania,g. Oceania (781),50~75,SSP1-2.6,2.8
Oceania,g. Oceania (781),75~100,SSP1-2.6,0.4
Oceania,g. Oceania (781),>100,SSP1-2.6,2.7
Oceania,g. Oceania (781),<0,SSP2-4.5,14.7
Oceania,g. Oceania (781),0~25,SSP2-4.5,58.2
Oceania,g. Oceania (781),25~50,SSP2-4.5,10.8
Oceania,g. Oceania (781),50~75,SSP2-4.5,5.3
Oceania,g. Oceania (781),75~100,SSP2-4.5,6.8
Oceania,g. Oceania (781),>100,SSP2-4.5,4.2
Oceania,g. Oceania (781),<0,SSP3-7.0,6.6
Oceania,g. Oceania (781),0~25,SSP3-7.0,60.1
Oceania,g. Oceania (781),25~50,SSP3-7.0,11.9
Oceania,g. Oceania (781),50~75,SSP3-7.0,2.8
Oceania,g. Oceania (781),75~100,SSP3-7.0,0.4
Oceania,g. Oceania (781),>100,SSP3-7.0,18.2
Oceania,g. Oceania (781),<0,SSP5-8.5,7.3
Oceania,g. Oceania (781),0~25,SSP5-8.5,55.2
Oceania,g. Oceania (781),25~50,SSP5-8.5,10.4
Oceania,g. Oceania (781),50~75,SSP5-8.5,5.5
Oceania,g. Oceania (781),75~100,SSP5-8.5,2.3
Oceania,g. Oceania (781),>100,SSP5-8.5,19.4
Global,h. Global (9592),<0,SSP1-2.6,23.4
Global,h. Global (9592),0~25,SSP1-2.6,61.8
Global,h. Global (9592),25~50,SSP1-2.6,10.5
Global,h. Global (9592),50~75,SSP1-2.6,2.9
Global,h. Global (9592),75~100,SSP1-2.6,0.7
Global,h. Global (9592),>100,SSP1-2.6,0.6
Global,h. Global (9592),<0,SSP2-4.5,16.1
Global,h. Global (9592),0~25,SSP2-4.5,49.0
Global,h. Global (9592),25~50,SSP2-4.5,21.5
Global,h. Global (9592),50~75,SSP2-4.5,6.2
Global,h. Global (9592),75~100,SSP2-4.5,3.3
Global,h. Global (9592),>100,SSP2-4.5,3.8
Global,h. Global (9592),<0,SSP3-7.0,13.5
Global,h. Global (9592),0~25,SSP3-7.0,38.8
Global,h. Global (9592),25~50,SSP3-7.0,17.7
Global,h. Global (9592),50~75,SSP3-7.0,12.6
Global,h. Global (9592),75~100,SSP3-7.0,6.4
Global,h. Global (9592),>100,SSP3-7.0,10.9
Global,h. Global (9592),<0,SSP5-8.5,14.9
Global,h. Global (9592),0~25,SSP5-8.5,33.7
Global,h. Global (9592),25~50,SSP5-8.5,15.6
Global,h. Global (9592),50~75,SSP5-8.5,13.6
Global,h. Global (9592),75~100,SSP5-8.5,7.1
Global,h. Global (9592),>100,SSP5-8.5,15.1
